设施陈旧不堪,又小!灯光昏暗!早餐还可以!	0
环境吵，服务不好，入房时还给错房卡，进房时吓一跳，有人住，赶紧下楼问柜台说给错了。 进房间烟位非常浓，说要来做无菸处理，来了竟然说无菸处理就是将菸灰缸拿掉就好，烟味几天就会散掉，真是气死了，跟他理论后他才说要拿清净剂来喷，喷了后烟味还是很重，实在不能接受。前面在修马路路上泥巴很多。早餐是送到房里，不好吃。服务态度不怎样。房里的洗衣机不见了，怎洗衣服呢。	0
９８年这家酒店开业时住过，感觉很好，今年去青岛还是选择了住在这里．１０年过去了，虽然硬件略显陈旧但服务水平依旧让我感觉很满意．	1
1、房间里过于奢华的家具不实用，且没有家的温馨	0
没有想到开封这个地方.居然有服务这样好的宾馆。	1
交通方便,去南京步行街是上选.但是餐厅的营业时间(尤其是中餐厅)有些不便,中午二点半到已经没有午餐了.要知道,这家的中餐是小有名气的.	1
房间不错,只是上网速度慢得无法忍受,打开一个网页要等半小时,连邮件都无法收。另前台工作人员服务态度是很好，只是效率有得改善。	1
敬告各位,再不要去这住了,晚上11点就关空调,上网一会有信号一会没有.早饭一般般,价格还不低,是我定过最差的宾馆	0
整体尚可.优点很多就不说了.单就缺点罗列如下,望改进:	1
地点很方便，房间很舒服，服务也很好，就是价格不便宜啊！	1
性价比不错的酒店,交通也很方便,值得一提是,宾馆斜对面走不多远就是海鲜一条街,很便宜,很实惠,下次去深圳还住广深.	1
不知道是按什么标准评的四星级酒店，是我见过最差的。设施陈旧，环境嘈杂，停车竟然还要收停车费。价格却不低，性价比简直是无法用语言表达的，总之，差就一个字，很差就两个字，非常差就三个字。以后就算是免费都不住了。	0
房间还算可以，但硬件设施偏差，服务水平也很一般。	1
服务还可以，房间好，888888888888888888888888	1
住过这么多酒店，从来没有住过这么小旧脏老臭的“大床房”！一进门就被一股臭味熏了出来，开了一天的窗户也不见减少多少。洗手间又小又脏，恶心死了！我和老公从进门开始，就只能一个在床上，一个才有站在地上的空间！	0
很满意的一家酒店，装修不错，那天住下晚上房间的网络出了问题，负责网络的人又下班了，服务员很热心的带我到楼下商务中心免费上网。送机服务也很好，总之很满意，以后去昆明就住经贸了！	1
酒店位置较偏僻，环境清净，交通也方便，但酒店及周边就餐选择不多;浴场海水中有水草,水亦太浅,不太理想;有A2水上运动中心基地,能进行帆板运动，是亮点;酒店设施陈旧、简陋,清洁一般，但房间面积足够大；早餐不好，更糟糕的是因本人去时有旅行团，人较多，接待能力不足，甚至早餐盘简单冲洗后即重复使用，非常不卫生，我夫人当即拒绝早餐，并表示立即退房（本来预订了2天），另外，晚上加个枕头还要收取清洗费，以前未遇到过。	0
房间很干净，设施还行，家具稍微有些旧。商务间的楼层前台不错，不过清洁工很一般，住的时间比较长，好几次都没有放新拖鞋。不过4星里他家的价位算是比较低的了。	1
肯定我不会再住这里了,太陈旧了,霉味太重,感觉不好!	0
海天的房间比较小，因为是在中间，所以采光也不是很好，里面的设施不太好，地毯很脏，我住的那间热水管坏了，但因为当时同屋的已经睡了，所以也没有去换，但是心情就不好了。最不喜欢的是他们的服务态度，因为我们整理东西，所以晚下来了15分钟，这期间也没有电话提醒说必须马上下来，但到了前台后就被它们不停的质问：怎么这么晚才下来，！语气很不好，而且被问了三遍，前台小姐问了两遍，脸很臭，后来有一个男的不知是不是前台，嘴里还叼着烟，又问了我们一遍。当时就觉得特别火，住了这么多酒店，还从没见过质问住客的呢，以后不会再去这家了。	0
这里的服务员很是不错，前些次住宿过程中给他们提出的问题都能及时纠正，赞扬一下。	1
这酒店太黑，要求开通宽带，服务生送来网线，叫你签名，没有任何文字	0
同样价格的行政楼层房间有大有小，需要注意。洗手间装修布置的很舒适漂亮，有淋浴和浴缸，还有透光窗子。房间内部还算比较大，服务比较好！总体感觉还是不错的。在这里住宿的老外很多。	1
以本人愚见，这个饭店实在是没什么值得称道的地方，甚至想找一处放置手提电脑的地方都很困难！好不容易摆好电脑却又找不到电源插口，郁闷至极！早餐吗？别说可口和品种多样了，不夸张地说，连填饱肚子都成问题，不行你就去试试！象其他评友讲的，乱七八糟的电话接连不断，让你不得安生，可怕！唯一的可取之处就是去机场方便。劝后来诸君勿选择这家酒店。	0
早上7点半到的酒店，本来要等12点才能check in，但前台说可以提前让我们进房间，本来印象还不错。但进了房间一看，中央空调没冷气，交涉，说中午12点会有，想想也算了。下午玩好回来，5点半这样，照样没冷气，交涉，又改说机房检修，晚上7点会有。向携程投诉。过了会酒店又给回音说晚上电路会跳闸，所以目前中央空调没开，可能七八点会有。言辞反复，没个准信，令人气愤，还是三星级的酒店。晚上餐厅用餐，点了香鸭汤，结果上的是鸡汤，服务员还理直气壮说你们点的就是鸡汤，问拿来单子看，服务员自己将香鸭两字涂去，写上山鸡。。。。faint 这样的服务水准竟然还是3星级，是我住过的所有酒店里服务最差的，而且离景区又远，交通十分不便	0
环境不错，8月18号入住，8月16号安装好了电梯，预约人员对此信息不了解，这几月出行最好的酒店了，价格偏高。	1
特价房间没有对外的窗户；房间与房间隔音效果太差	0
1.地理位置不错	1
新的风格还是蛮精致的，掩盖了房间狭小的天生不足，但是有些细节尚不周到，比如那个烧水的电壶，塑料味道很重，恐怕是不合格产品.	1
對於公寓式酒店，一般期望也不會太高，不過不失就可以了。	0
房间很好，设施也很新，总的来说还是很满意的。周围的很方便，楼下隔壁都有商场。	1
我住的是商务大床房,房间虽不是很大,但感觉蛮温馨的,有免费上网的电脑.就是中午退房时总台只一个服务员(可能去吃饭了),等了会时间.	1
总体说来,应该是二星级宾馆.因为定的时间比较晚,所以只有这家酒店了.入住时,问前台一些黄山城市的信息,她们说不知道.一个入住也要办理二十几分钟,而且就我们几个人.房间的设施很陈旧,住的也不舒服.	0
房间干净，还有净水装置，还有浴袍。免费送的早餐也过的去。性价比不错。唯一不足就是前台结帐的时间比较长！	1
香港-九龙地区3星以上酒店性价比最高!交通不便但可以坐酒店免费班车,到达旺角和尖沙咀(20分钟),我15年6次住此酒店,5月3-6日通过携程预定,比香港朋友预定还要便宜!并且入住提升28楼行政标准房间,健身室和游泳免费.购物(大众化东西)方便,下面4层购物中心,酒店对面购物中心-百佳超市和XX海鲜酒楼59HKD/人自助火锅较好.步行5-7分钟就是荃湾城市购物中心广场.(奇怪?为什么网友反映购物不方便-晚上10点以后全世界购物都不方便!)酒店1层就有便利店.另外此房间18层以下好象是大陆旅行团住标准房间,18层以上携程预定豪华房间.到香港购买世界名牌此酒店就不是方便!	1
酒店房间甲醛含量过高, 严重影响客人身体健康.	0
在携程上订了一天，实际入住两天，酒店照携程价加收了一天房费，并为我免费升级了商务房。中间问酒店前台借过指甲剪，他们说没有，建议这类的小物品还是应该提供服务方便客人。吃过一顿自助早餐，品种还算可以，就是没有牛奶，只有豆浆和咖啡。总体感觉还算可以，酒店也比较新比较干净，就是隔音比较差，经常很吵，酒店出门就有地铁和公交线，有公交直达上海动物园呵呵。还有酒店延迟退房时间没有商量余地，这个不好玩。	1
在携程订威龙原本看上了两点，一个是四星级别、一个是香港公司管理。住过之后发现名不副实。首先服务水平绝对没有香港服务的影子，即便是国内的中上等水平也谈不上。	0
离火车站、汽车站较远，不利于自助游！但酒店的环境和服务还是不错的......	1
3月19日入住,共两晚.现在才上来做下点评,呵呵.	1
整体上感觉还不错，下次还会住这里，忘了是在几楼的火锅了，推荐一下	1
我通过携程定的豪华标间,价格4百元,以为这个价钱至少可以住到干净整洁的酒店吧,至于豪华,根本是没想过;但即使这样低的心理期待下,这酒店还是把我吓了一跳;一进房间就是一股霉味和臭味混杂的味道;等进了厕所,才知道房间的味道与之相比简直是小巫见大巫,简	0
位置、设施都不错，价格也还可以，就是隔音太差了，被隔壁吵了一晚上	1
入住的时候刚装修，味道很浓！房间内的床坐上去好像有点不稳！	0
很好的一家酒店哦，以后还会去呢！交通方便，服务好，不错不错	1
自然环境一流，宾馆内部装饰（附楼）也相当不错，说不上豪华，但是很整洁清爽。总体感觉是宁静写意。	1
性价比较高。服务态度也还行。房间小点。比较难能可贵的是，在火车站附近的宾馆晚上居然都没有骚扰电话！值得表扬！早餐相对简单，一般话。	1
预定中午12点入住，中午11点半左右到，告知房间正在清理。心想，清理房间能用多少时间呀，于是耐心等待。哪知，12：30再次询问房间仍然没有清理好，急了催问到底几时可以入住，告知40分钟以后，差点晕倒。	0
环境很不错，。。	1
通过携程报的自由行带小孩去香港。住过旺角的朗豪，因为还是喜欢尖沙咀所以最后选择朗庭。酒店大堂不错，不知道为什么那么多人嫌小。很幸运被升级，当时订了两个房间可是另外一个没有好。前台小姐送我们每个房间100元的免税店抵价券，竟然带我们一直到房间，让我受宠若惊。房间刚装修好，橡木地板，在内地酒店不多见。我的窗口还可以看见一点海景。后来看到桌上的通知才知道楼上在装修。可是我们白天出去，也没感觉。那几天天很凉快，比起上海的37度真是意外。孩子去过两次美国的迪斯尼，所以我们只这里的缆车和海景，是最棒的！ 最后一天还和酒店说好晚点退房。小朋友去了半日游回来还可以游个泳洗个澡再走。3天的行程很累，但酒店的床很舒适，晚上睡得很好。	1
卫生设施太差，毛巾又黑又硬，下水道堵塞，床垫不好，睡上去不是很舒服。觉得服务态度还可以。对面就是长途汽车站，出租车蛮多的，出行还是很方便。	0
简直太差了,劝大家千万别去上这个当！！！	0
酒店老化,房间装修差,服务过于生硬,中午退房时间过不到两小时收取半日房费，而其它酒店基本从人性化考虑，不收此项费用．	0
非常感谢携程工号84392的客服人员,帮助妥善解决了由客人自己信用卡担保的失误,没有及时告知的事件.	1
其他还好，就是早餐一般。酒店设施没有其他城市的喜来登出色。	1
除了停车不是很方便，其他的都还不错的，服务质量也很高，市中心的环境也很吸引人，还不错的！	1
房间还算可以，不过前台服务人员的态度，受不了，我晚上11点多到酒店CHEK IN 第二天退房的时候说，我房间里少了个小方巾，要我赔5元钱，可怜啊！ 我从进房间到退房，在洗手间台面上只有看到一块小方巾！为了5元钱，我和大堂副理交涉，没有办法，谁叫我进去的时候没有仔细检查下，房间的各项东西有没有少呢？ 算了，给他们5元又如何，不过我下次再也不会住这个酒店！ 奉劝各位要去住店的朋友，进房后千万要检查下有没有什么东西少了，因为海德是不会错的，他们检查过3遍了！ 真好笑！	0
我再次重申:不能相信携程接线员的推介,要大家看点评!接线员说这是准四星,但只是准三星而已.在张家界这个旅游热点城市但管理横乱的地方,凑合住了一夜---因为咱队其他地方也是不熟.	0
10多年来住过的近百家3星酒店中，这家酒店的服务、房间、餐饮简直是“好”的无话可说！！！	0
酒店环境很好 就是有一点点偏 交通不是很便利 去哪都需要达车 关键是不好打 酒店应该想办法解决一下	1
环境地理位置很好，交通方便。	1
非常一般，没啥竞争力~弄了个有电脑的商务大床房，呵呵，白白多交209元，和没打折一样~还是比较安静的~其他就很一般了，电视机狂小，估计21寸的，我都看不清电视里放啥~可怜啊~	1
房间还算干净,卫生间很大,但没有设施。提供的毛巾每人只有一条，还是破的。总体来说不太令人满意。	0
酒店实在很糟糕，墙上贴着不能把四巾带走，说实话白给都不要，旧的只能擦地板。不是一次性拖鞋，淋浴喷头水很稀。床单和被子也不十分干净。房间不隔音，半夜被隔壁奇怪的咳嗽声惊醒，再也无法入睡。订了两个房间同时接到骚扰电话，可能是我们都是女士接听的，对方没有出声就挂断了。最糟糕的就是地下车库了，阴暗潮湿，蚊子巨多，汽车自行车混在一起没有分区，入库也没人看着，出库时现找人开门。其实车库并不大，而且只有一层，只要稍加装修就能改变现在的状况，只可惜没人重视这些细节。中午和前台打招呼要退房，上去取行李之后又被打电话说我们超时，服务简直太差了。蓬莱没有什么满意的住处，建议先到蓬莱游览完之后去烟台或威海住比较好。	0
环境非常好!非常安静!设施较旧!餐厅菜肴很好!希望能改进硬件设施!	1
门前的解放西街正在全线翻修，汽车根本进不去，也不事先告知。大床是用两个单人床拼凑而成，床垫的塑料外包装还保留完整，褥子又极薄，可以感受到凉意。骚扰电话太多。结帐速度太慢。	0
外观很有特点，长城外观，显然白天为了省电，大堂不开灯。。。似乎感觉上入住的人数有点少，另外就是入住手续有点意思，开什么入住通知书等等。。。	1
房间太旧，卫生间是很多锈迹，房间比较大，大床不错，我喜欢。	0
入住金泉总体感觉不错，整洁干净，宽带上网特快，价格比较超值，附近有沃尔马的超市，交通非常便利，服务到位，下次还住。	1
房间奇型怪状，环境一般，厕所超大，床超小，价格较高，送餐居然还要收服务费，要不是如家客满，我才不会去住。	0
位置没有携程说的那么中心，距离天河购物中心开车约6-7分钟，走路的话就免了吧。 酒店设施和装修很一般，最多一个三星标准。	0
房间的设施还算过得去～	0
本来打算在这里入住2天的，但是由于网络极差，导致本人的网络会议数度中断，严重影响工作，所以匆忙离开。	0
非常不愉快的入住。朋友是晚上11：30左右到达的，此时的柜台服务只有1人，连服务生整个大堂只有3个人，因为年纪比较大，本来行李想让服务生帮忙，招手示意后他们竟然不理睬并且跑开。check in的时候连刷两张信用卡竟然说信用卡不能用，很莫名其妙。房间的设施极差，灯光很暗，酒店的东西非常破旧，真是有损5星级的标准。难怪朋友会说这家酒店的客人非常少，都吓跑掉了。还是在繁华的南京路附近，真是丢人。	0
帮一位老外客户订的，环境不错，值得推荐，住的是豪华房，只是价格太高，希望携程能与酒店再谈下价，更再便宜就好了，客户说下次还会来住！	1
入住这个酒店，应该算是被携程给误导了，把它放在了第一选择位置。如果酒店介绍加上一条说明“紧邻坟场”，估计生意全没了。丽悦（还有丽都）真该好好感谢携程。	0
酒店员工态度超级恶劣。特别是前台。餐厅没有接待客人就坐。最气愤的是话还没说完就把电话挂了。劝大家最好是不要去，不然会被气死，交通又不方便，周围环境复杂。	0
非常差，下次肯定不会入住了，强烈建议各位不要住这个酒店！说是五星级的标准建的，连三星的标准都未到！假五星，未挂牌！问前台，说游泳池改造，所以还不能参与评星。估计是不敢！我入住的是1505房。1、房间设施非常旧，桌椅掉了不少漆；2、洗手间镜子周围锈迹斑斑；3、洗手间的花洒在冲凉时竟然掉下来了；4、空调调到低温时的噪音吵的睡不着；5、前台竟然只有一个男服务员，说下班了，只有他一人值班，服务很一般；5、前台结帐竟然收一块的保险费（携程网上并未注明，服务员也未提前说明）....唯一过的去的是，礼宾部的态度还可以。硬件差，软件再好也没用。第二天一早就转到隔挂四星的波斯特（POST）了。要不是飞机晚点半夜才到，我们当晚就转了。建议携程在这个酒店的前面不要打五星！	0
我原本想订卫兰轩或是湾景国际宾馆的，但是都没房了，所以才选了珀丽的。还好没有让我失望。我订的时候也只有豪华客房了，HKD791/天的价格在香港还算是比较便宜的了，我和JF住了两天。酒店没有那么难找，虽然在铜锣湾我们问了几个香港人，他们都不知道珀丽酒店，还好从铜锣湾地铁站的F出口出来，我就望到酒店高楼上的LOGO了，所以找酒店没有花很多功夫。不过酒店周围有很多天桥，JF着拖行李箱爬台阶可累坏了。酒店态度还可以，香港人都很有礼貌的，前台办理的速度也不慢。前台说我们去的这几天正遇上香港某展会，所以豪华客房都住满了，免费给我们升级到行政房----真是很划算！房间在30楼，风景不错，可以看到海景和山。旁边的居民楼都很高，若不是我们的房间升级到28楼以上的行政房的话，这么好的景色就都被居民楼挡住了。房间确实很小，我是大床房，房间里放了一张大床后就放不下其它东西了。不过设备较齐全，电视机是液晶的。	1
这酒店的管理实在太有毛病了!10.22号通过携程订1晚.等要续房的时候说房间满?!!没有任何提前的告知,人还没走就把房间租给别人？!	0
我是自己开车去的酒店，这个酒店如果是晚上入住根本看不到酒店入口处，我费尽周折边打电话咨询酒店边让车上的人仔细辨认，结果还是绕错很多地方好不容易才开到酒店大门口，那天正好下小雨，门口保安只有一人跑来，我在酒店门口依然看不到车库入口，要求保安带路，于是他安排一个管理车库的工人引路，那工人带我们到车库后一听说我们是入住客人不能向他交停车费，他立刻一溜烟不见人影，害得我们找电梯口回酒店找了半天！！！这种情况也许以前很难体现出来也许平时也不觉得怎样过分，但这几件事集中起来就反映了该酒店的管理薄弱的一方面，最重要的是我觉得作为一个好评如潮的酒店更不应该了！当然事后当晚值班经理的及时道歉和升级房间等等补偿行为也体现了该酒店管理层对客人的重视，体现了酒店有错及时改进的诚恳态度！而且第二天还通过携程要向我电话道歉！我也确实感到该酒店能有如此态度很难能可贵了！本来我不想点评此次事情，但后来觉得也不妨通过我的客观褒贬让大家看到该酒店的真实品质！也许我下次还会考虑入住该酒店，只是仍然希望酒店今后多积极发现不足，免得以后入住该酒店的客人那么麻烦同时也影响自己的声誉！	1
酒店的硬件一般，服务较差。因为我们带小孩是自助游方式，怕万一来不及回来，要求先退一个房，另一个我们退房延至下午一点，前台说不能，只能多保留十分钟，要不就要收半天房。最后我们先退了一个房，把东西全搬到另一房间，并开了请勿打扰灯和挂了“请勿打扰”的告示牌，可当我们上午十一点回来，我们用自己的房卡竟不能进自己房间，而且关了请勿打扰灯，摘了告示牌。问总台，说是我们的卡已被改了，可我们东西还放在房内，竟有此等事情？而且还没到中午十二点呀！！	0
该酒店严重名不副实，所谓的商务间豪华间就是一般的标准间，套间就是标准间多出一块，设施陈旧，严重上当。	0
环境不错，室内色调很温馨，MM很满意！就是窗户收拾得太马虎了，拉开窗帘就觉得很凌乱的感觉。最不足的地方就是淋浴了，一是地方太小了，二是洗澡时水时大时小的，中间还停了几秒！！	1
群众的眼睛是雪亮的，这个店的服务确实奇差，可能随着溪口旅游的迅速发展，这些宾馆有些暴发户的心态吧，不知道什么是服务。早餐时，一大群服务员在入口处，就是没有一个人理你，没有餐具，非要用很大的声音，才会有一点反应，过来就要餐券，一看也没有什么吃的，干脆把餐券撕了不吃。	0
我住的158的房,觉得还可以,房间正对酒店大门口的马路,隔音还可以,不吵.卫生间也不是太少,就是设计不太合理,洗澡的龙头力道太大,水打在身上都疼.综合来说还可以.	1
房间环境尚可,卫生让人担忧,床单圬迹斑斑!有骚扰电话	0
我4月23日晚入住的该酒店,前台小姐先给了我一个两幢楼之间的一个房间,很是不满意,去前台给换了一个,还可以.觉得酒店是不应该先把不好的房间先给客人的!!	1
还有，早餐稍晚点，就没什么可吃的了，做的也很一般	0
酒店交通极之不便, 下午四时从新会汽车站等了两小时也等不到班车(是普通站着等的公车站哦), 到最后打电话问酒店服务员, 叫我们坐去崖南的公交车再打的去古兜, 打的大概十五元, 怎知一坐便坐了个半小时, 去到崖南已入黑, 那里根本是没有的士, 班车也下班了, 只好打电话到酒店叫他们帮忙叫车, 他们说如包酒店车要100元, 他帮我们叫的士要三十元,而且还要等十余分钟, 去到酒店已八点半了, 整个行程从珠海到古兜足足花了六个多小时, 到了酒店房间比我想象中差,从携程订的豪华山景房, 是我住过的最贵但是最差的房间, 可能是暑假房间紧张关系吧, 周围设施则一般,但我以后一定不会再去那里, 奉劝各位除非是跟团或自驾游, 否则一定不要去那里,交通车实在太不便了。	0
性价比太差,一个小县城的房价比北京上海广州深圳同级酒店的房价还高,服务跟一般招待所差不多,不值得住!	0
国内外酒店都住过不少，丹东也住过国际酒店20楼，这次是因为办事，才选择这家所谓丹东唯一一家四星级酒店，但从来没有见到过服务质量这么差的酒店，处处和客人为敌。本人14日入住，由于本人是16日晚十一点多的航班，15日中午特意和前台说能否在16日晚六点结帐时，总共收两天半的房钱。前台当时同意，并刷了我两天半的预付款。可等到16日晚六点2分，同志们，就过了两分钟时间，他们居然要收我三天的房钱。当时本人先耐着性子，和前台两个服务员解释。后来一个戴眼镜的女大堂副理也过来。可说来说去，就是说酒店电脑系统六点一过就自动锁定为一天。副理后来打电话请示什么陈经理，我站在旁边亲耳听了个详细。她只是说，有个客人过了六点想退房提出算半天，行不行？得到否定的答案后，她就抬头拒绝了本人。本人告诉她：“你这就叫打电话请示呀？你电话中和你们经理讲了我15日就提出算半天你们同意的事实了吗？”她被问住了！本人由于赶时间，懒得再和她们理论。奉劝携程不要与这家酒店再签订住房合约，免得引来更多的投诉。	0
刚从九洲环宇换到这个酒店，感觉差距太大了，这里号称在市中心，但周围除了天宁寺，没别的。	0
看到网友评价说最好不要3楼和5楼的房间，但是不幸还是被指定为3楼，问前台，问了还是等于白问，就是告诉你没有了。房间设施一般，洗面盆的冷水超级小，只有热水才是大的，害得我洗衣服超级不爽。	1
从地段,星级,价格,环境和设施考虑,此酒店相当不错.如果没有其他因素,下次还会再住.为使贵酒店良性发展,特提醒几点:1.酒点总台服务小姐不够专业,没有职业笑容.2.房间(1117)水龙头和下水出问题,有人报修和管理吗?这牵涉到资源,成本,信誉和服务.3.空调整夜发出流水的噪声(分贝可能不小于50),可能会影响许多客人的休息.希望下次来住时得到改观.	1
酒店环境一般 服务却极差 动不动所有经理都出来 侮辱游客不舍得给钱不房费 还把政治搬出来吓人 态度太差 我去过的酒店都有中午退房前电话询问是否要续房 我是凌晨4点才去的 什么都不知道 一睡到下午一点 就吵着要我交钱 我说为什么不提醒我 他说我们就是这种规定 从经理到员工一个德行 劝大家千万别去	0
去年无意中帮朋友预定过一次这个酒店，后来朋友每次来都要我预定这个酒店，我自己住过一次，也觉得感觉还不错，出行也很方便。	1
酒店服务员真好，我被大雨截在长途车站，给酒店电话之后派车接了我。	1
3月12日入住。	1
改了招牌以后第一次光顾,感觉没啥变化.自助早餐涨价了不少	1
不错，外边看比较旧，但是里面很干净，交通也很方便，退房很快。在房间就可以看音乐喷泉，不错。	1
还算马马虎虎的的3星宾馆吗，地理位置还可以，和广场很近。可是周边环境太差，很吵。而且 门口没有出租车，外出很不方便。	1
还不错，可以住一下，并且建议你住高一点层次的房间	1
价格适中，装修还可以。早餐尚可。物有所值	1
服务态度很好，但就是做事拖拉。	1
协程价格比较好。下次出差还会住这里。房间还不错。	1
差劲，并没有特殊的，我订了2天的房，到第三天续房要换房，结果忘了拿抽屉里的DV机，第二天，下午电话给客房中心，说给回复情况，结果未给回复；打给大堂值班经理投诉并要求协助；投诉理由：1.不知四还是五星的宾馆换房怎么无人及时发现客人遗留物品，及及时通知客人。 她的理由是换房与退房不同，房间第二天早上才有服务员进去打扫的。。。。	0
唯一找到的优点就是机顶盒比较先进，不过电视会突然没有声音。。打电话报修，竟来了位lady，根本不是维修人员，不知道是什么部门的，来看看情况，结果当然是“看看”而已。。	0
一句话，那是相当的差！这也叫3星，有没有搞错，旅馆水平都没有。大厅倒过得去。	0
海景花园是我所有住过的５星酒店中服务最好的一家，另外他们的粤式餐厅非常地道，并且价格合理，如果去青岛还会再选它。	1
酒店位置不错，房间质量也很好，就是停车位少了一点，停车有点紧张。不过也可以理解，因为处于南京市市中心。	1
房间面积很大，服务尚可，总的来说还满意。	1
宾馆竟然不能提供网络调试服务，我做了一次兼职的网管，呵呵！很有面子，去得那天天气冷，刚开始有点不太适应，要空调遥控器，说现在不提供；要加被子，说没有，当时很郁闷，不过做了兼职网管之后很快就提供了这两样东西，很开心	0
这个酒店很一般！甚至说不好！就有一点离“红门”很近，徒步爬泰山比较方便，但做车上泰山不方便，服务有好有坏，第一天凌晨到宾馆寄存东西，我跑了三趟拿东西，打搅服务员三次睡觉，但并没有不悦的表情，感觉很好！但晚上住在宾馆我提出用一下公用电脑到些照片，另外一个服务员，用话搪塞我！有点不高兴！其他宾馆都有公用电脑满足来宾的上网或倒照片的需要，他们却搪塞！很失望！还有宾馆的被子感觉不是很干净，还摆了些乱七八糟的东西（都是收费的），还有避孕套和男女洗液，很是搞笑！（当然这些都收费）！害的我牙刷都没敢用他们的，不是怕付钱而是怕脏！o(∩_∩)o...不过话说回来携程在泰安找的宾馆都不怎么样！	0
刚去的时候有点难找,不过服务真是很不错哦~~	1
这地方千万别去住了，绣花枕头一个。样子好看，。别的没什么的，大冷天不开空调还说他们觉得没必要开，气的你要死呢。第2天我就搬家了，	0
房间宽敞，很干净，墙上挂着小型液晶电视机，卫生间没有浴缸只能淋浴，不过不成问题。长宁路是个大马路，但因为酒店位于弄堂里，所以环境比较安静。我比较喜欢锦江大厨，价廉味美，服务态度也还可以。229元的房价的确很有竞争力。网络速度有点问题，经常有中断或连接不上的情况。	1
这次入住少林宾馆还是比较满意的,宾馆的位置比较好找,从客运站打部计程车只要三几分钟,5块钱就可以到了,房间比较干净,算是比较宽敞的,洗澡的热水也挺舒服,最好的地方是宾馆外面有一条很旺的小吃街,晚上6点左右就开了,很多麻辣烫之类的小吃,而且有起码二三十档,选择很多,解决吃的问题很方便,而且价格也相当评议,我和我朋友一起,两个人十来块钱就吃得好饱了:)	1
住过如此之多的如家酒店，这一家是最差的，服务很差，地段也很差，硬件设施简直就像一个县的招待所。的士司机都找不到那个地方，打电话到总台去问，一直无人接听，最后兜了几次圈子在一个小巷子里发现了，到总台问他们为什么不接电话，居然回答说忙得没时间。订的商务大床房，到房间了发现在一楼，窗户外面到处都是停车的，吵得没办法睡觉，还没房间可以换，郁闷。。。以后再也不会去住了。	0
最大的优势是距火车站很近,坐公交去龙门石窟、关林庙等景点十分方便。宾馆设施太陈旧，电视效果差。	0
海景花园是我所有住过的５星酒店中服务最好的一家，另外他们的粤式餐厅非常地道，并且价格合理，如果去青岛还会再选它。	1
特价房非常小 四步走到房间墙角 基本是用不隔音的板材隔出来的 隔壁的电视声音 还有临近房间夜晚男女做事的呻吟和同浴的声音都能很清楚的听见 简直就是网友见面的炮房 房间里空气质量很差 且无法通过换气排出 携程价格与门市价相同 主要考虑办事地点在附近 才去住的	0
打车到客运站需要12元（加1元燃油费），要的是经济间，所以勉强一些算满意吧，主要是价位摆在那里的，如果有机会还会取得。主要是靠近山东省内最大的游乐园 富华游乐园比较好，玩得方便。	1
地点实在太偏僻，设施有点破旧，浴帘霉成那样竟然还在使用。想要借用电吹风，可服务员说没有，原来其他房间都有安装电吹风，就是我住的标房B没有。这样最起码的服务都没有，还不如人家街头小旅馆！	0
在保定,应该说是最好的酒店了,那里的餐厅给酒店加分不少.	1
酒店环境不好，气氛也不好，我和老婆刚刚住进去就有小姐打电话来问要不要特殊服务，真是恐怖，老婆说啥也不住在那边了，最后，我勉强说服老婆住了一晚上，但是到了后来，更是恐怖，居然没有开水供应，然后，还要自己烧水，但是烧水壶居然已经长了毛，后来有个服务员勉强给换了一个，但是还是这样，我当时不知道该说什么好，最后我们买的矿泉水，勉强对付了	0
印象最深的是,拉开窗帘时的感觉--外面是一高尔夫球场--很惬意!房间也不错,就是停车不太方便--太远了,刚好又碰到下雨.	1
春节去住了一晚,进门就像到了一个大市场,晚上快12:00了,竟然还人声鼎沸,感觉很闹.房间进去后感觉还可以,不过卫生间很差,淋浴没有门,撒了一屋的水.整体感觉就是3星标准.第2天换去香格里拉了.以后也不会再去!	0
安庆宾馆确实不错，给人的感觉满舒服的，但也存在缺点	1
在开发区，地理位置不错，很好找。比起市区的五星级酒店硬件上稍差，但还算干净舒适，考虑到价格比市区便宜，性价比还可以啦。旁边就有购物中心和餐饮街，购物、吃饭都很方便。	1
在南阳，现在还是独此一家，没得选择，当然，去第二次时就有得选择了，希望携程加油把南阳其他的酒店也加上来。金凯悦东方的价格太贵，与南阳的物价水平相差太远。而且给携程留的房间全是拐角处的边角料，实在恼火，总是有种被别人压着住的感觉，一点上帝的感觉都找不到。总之，烂！！！！！！！！服务，烂！！！！！！	0
优点;有电梯(4层开封宾馆连电梯都没有),晚上好像没有小姐电话骚扰(开封宾馆骚扰到最后干脆和按摩小姐电话聊天起来了)	0
硬软件都相当好，房间环境优雅，服务温馨体贴，早餐也很丰盛。只可惜门口的道路成了单行线，有点不便。但性价比绝对高，下次去沈阳，我仍会坚定不移地选择这家酒店入住！！	1
房间配置很差，真可惜太仓没有如家和锦江之星，下次不会再入住这家酒店	0
酒店前台的态度极其恶劣，我预定的是12月14日晚的双人间，携程预定是到晚上9点，由于行程改变，到达时间会推后，因为该酒店当天有一个全省会议，考虑到房间可能会紧张，所以在当晚8点前打电话到酒店前台，告知我会晚到，房间请保留，前台的答复是可以，当晚我9点30分到达酒店，前台告诉我过了预定的9点钟，房间已经取消，并且也没有房间了，还拿出携程的预定传真给我看，我说我已经事先电话告知会晚到并且已得到你们的承诺，现在房间取消竟然认为是我的责任，吵了半天来了一个大堂经理，上来又是同样的一堆废话，最后说只能给我一个大床间加一张床，没办法只能接受，对此事件非常遗憾，同时对于携程与这种酒店签订协议也很失望！	0
虽然表面看很一般,但里面装修还是很精致的,住着干净,舒服;以后去宜兴首选还是宜兴宾馆!	1
我住的是大床房，房间很大，还有一个蛮舒服的沙发。 但宾馆设施比较陈旧,木头上的油漆都剥落了，服务比较好。同意前面的朋友评价的，“至于说的在房间能看到大佛,呵呵,用天文望远镜也许能行!”	1
房间地毯太脏，临近火车站十分吵闹，还好是双层玻璃。服务一般，酒店门口的TAXI讲是酒店的长期合作关系，每月要交费给酒店。从酒店到机场讲得是打表147元，到了后非要200元，可能被小宰30-40元。	0
开始订的大房单人间，但去了酒店告诉我没有携程预订，我刚要打电话询问，又告诉我有了一间。去看，房间太小，小得刚好放一张床。于是退了又订了一个商务行政套间。套间还不错，房间大，设施还总凑合，但价格偏贵。总体感觉一般。	1
已经入住了很多次尼盛万丽酒店，但是感觉服务一次比一次差！作为一个国际连锁的品牌酒店，居然退房的时候要查房,感觉对客户没有一点信任！	0
房间内设施还不错,不过浴室的淋浴喷头不好用,水量不可调节,出水较散,有些不象四星级的标准.周边环境尤其是酒店后边环境不太好,大堂也太小了吧.	1
早上自助餐极差，脏得无法吃，居然还每人20.中餐厅服务员极差，要想吃饭，先气死。再也不会去了。	0
综述:见过差的四星酒店,没见过这么差的准四星酒店.	0
毛巾等东西太旧了，而且连小方巾也没有，瓶装水也没有，这些小处没看出是个四星，唯一的好处就是离江近。	0
总台服务还可以，房间实在不怎么样，空调很吵，床居然是一边高一边低的，这个房价实在是不值得，下次不会选择。	0
不错，在同等档次酒店中应该是值得推荐的！	1
房间设施差，房间里一股发霉的味道	0
同样的房间有小有大，地理位置比较偏远。早饭不是自助餐形式的，采用的是套餐形式。不能够自己选择的，套餐之外的要自己购买的。这个很不方便，本人不是很喜欢。	1
环境很不好,在老火车站旁边,很旧 很吵闹,像大多数网友说的,携程定房虽然便宜点,可房间是酒店有差级的话,给我的是角落上的房间902,房间空间是同层中最小的.	0
行政豪华间有点偏贵，房间面积小了！服务总体还可以，就是房间清扫人员不太注意礼貌，有时候刚敲门马上就擅自进来！酒店位置不错！	1
服务太不好了，晚上房间的蚊子太多了，人性的关怀不好	0
1.老标间一股怪味，换了个同价位的单间，新装修的单间感觉较差，卫生间漏水，屋顶漏水；	0
在南山区办事的话住这里还算方便，门口往哪个方向的车都有，就是稍微有点吵啊	1
交通:便利的,随便叫辆taxi,肯定知道的;	1
此店是本人住过10余家北京如家中最贵的,所以我们满怀希望的过去.的确,进门就是很大气的大堂,但是也只有这点勉强能算优点.进入房间,不言而喻,是老酒店改的,完全没有如家应有的温馨感觉,设施陈旧并未完全翻新.最要命的来了,一只一圆硬币两倍大的蟑螂爬到我们同事的腿上,顿时,一个五大三粗的山东大汉被恶	0
入住当晚,因火车到达得较晚。到酒店前门一看，感觉就象烂尾楼，黑灯瞎火的，还以为出租车拉错地方了。后面到总台一问说是大堂搞装修。	0
我们一家厦门四日游的最后一天就是选择了这家酒店，简直后悔死了。	0
好像跟洪崖洞酒店一个公司的，所以房间的风格比较接近，就是小一些，整体来说比较不错，房间内食品都是免费，很实在。就是早餐实在不敢恭维，大堂环境比较差。整体来说不错，属于比较好的三星级酒店。	1
住了三天,感觉服务还可以,晚上的自助餐还不错.	1
服务很热情，交通也很便利，下次如果去北京我还会选择这家酒店!	1
交通方便，周边也热闹，房间小在香港那是自然的了，总的说来是物有所值了。	1
希望大家也能像我一样，每家酒店都能尝试的住一下，因为每个酒店都各有特色	1
第三次入住了，觉得还不错，正好碰上了地震，楼层低感觉不明显。希望四川尽快从灾情中恢复过来！	1
此酒店涉嫌欺骗：	0
位置很好，距离东街口非常近，服务也非常好，一路有人引导到房间，泡上乌龙茶。房间有电脑，白天出去工作的时候，老婆正好可以使用。酒店除了家具设施稍微有些过时，早餐比较普通外，其他没有什么缺点。晚上很多形形色色的人往6楼夜总会跑，也有不少人醉醺醺的出来。酒店是最近才升为4星的，不过，个人感觉还是达不到新四星的标准，但至少还是对得起这个价格的。	1
一分钟一块钱的网费，贵的惊人。三个门，只有中间的转门开放，其他的门都封了(不知原因)，没有门童给我推门或接行李，只有两之手拿行李，用脚踢门转。早餐很难吃也就罢了。午饭想点菜，但被告知只有自助餐提供。把浴巾放在浴缸里希望更换，晚上看到更换的浴巾上竟然有毛发。希望只是小姐把浴缸里的毛巾又叠过放回浴巾架上而已，不然真的很恶心。真不知道标榜四星的这家酒店怎么还不如地方上三星的小酒店。住此酒店不如找一家商务旅馆。	0
1：地毯很脏，用具如水壶和马桶老化啦	1
该酒店的价格和实际提供的服务相差比较大。	0
酒店还可以，房内有电脑，数字电视。早餐一般啦。隔音效果比较差，下面是商业街，不太安静。	1
同意前面的弟兄们，周围都在拆迁，环境交通很差，地铁很方便，但是房间很好。不知道酒店会不会也被拆迁？有点好奇	1
离火车站、长途汽车站很近，打车起价就到（五分钟内），楼下有24小时营业的麦当劳（点餐可免费送至房间），出大门往左便是平原商场，其对面是影剧院。	1
酒店环境很好，商务中心很热情．免费接送机服务很好．房间设施尚可，但浴室条件稍差，没有吹风机，热水也要早７：３０时以后才有．而且总说线路繁忙不能刷卡，房费要付现金，不太理解．	1
是我住过的所有旅馆里最差的一个.预订时说希望要无烟房,结果开了房门以后被烟味及各种体臭味搞得一夜未眠.旅馆可能根本没有无烟房,但携程竟然也没事先说一下算是失职.设施破旧,毛巾都是发黄的.床单及被套都旧旧的,搞不清有没有换洗.服务人员全是	0
酒店位置佳，出入西街比较方便；观景房是观西街的景，晚上虽然较吵但基本不会影响到睡眠；酒店对面就是在携程上预订自行车的九九车行，取车方便。通过携程订房已付费的情况下还需要收款200元的钥匙押金；没有电梯，行李员可以提供提行李到房间的服务；房间比较老，地毯非常脏，斑斑点点很多，有股霉味，洗手间会有下水道气味，刚进门时在床边发现一颗超大的荔枝核，可见清洁时过于匆忙，不是很用心，大床太硬舒适性低；房间内经常会有蚊子游荡，更为恐怖的是第二天结束游玩回到房间，竟然在台灯下看见一张蜘蛛网，可见卫生质量真的是.......不高。总体来说，地理环境还可以，硬件设施太差。早餐品种非常少，没有现烧的东西，加料不太及时，如果要求不高的话，吃饱还是可以的。	0
特别感谢工号0649的崔小姐（手机号136134462**），下次到太原出差一定要当面感谢她的。我是4月10号入住的，11号一早赶班机，把一条项链丢在了客房，直到回家都没有发现，还是崔小姐主动打电话和我核实，而且自己掏钱帮我寄了回来，并且多次去邮局帮我查询，这种精神太难得了。非常感谢！酒店门前确实有黑车，本来对酒店印象很一般的，但有这样的员工很让人感动。下次去太原一定还会入住的！	1
我是帮朋友定的，他是第一次去香港，他的评价是：比一般的标间好象小一点，房间的隔音不是很好，服务还算不错。交通是很方便，下楼就有地铁，但是961元的价钱好象高了点，下次再去情愿再住的远点价钱便宜，反正坐地铁住远点也就10分钟的时间够了	1
意外，入住时给了早餐券和一张50元餐券。用完自助早餐后，中午在旋转餐厅用了个行政套餐，还余3块钱，可惜不退给我。不错，酒店包两餐，社会主义啊。	1
交通还比较方便,价格相对便宜,但是设施有些陈旧,没有网络可上网,服务生的素质相对较低些,如果重新装修在这个位置应该还是不错.	0
酒店比较偏了，虽然是在东方路上，周围也没什么餐馆可以吃饭的	0
房间装修差设施也不好,早餐很一般.位置偏僻.	0
虽然我住的是豪华房，但是房间的设施还是显得有些陈旧。早点并不是非常的丰富，不过我想对于在四星饭店里的50元钱的早点，可能是我要求过高了。不过这个酒店的门脸可这是够背的。藏在了一个小胡同里面。不过还好出租车司机都知道。	1
房间设施不错,服务没问题,早餐也不错,直的住,金华没有好选择	1
非常差，服务差。房间比较大，但也很差，更重要的是临近铁路，很吵！难怪酒店生意不好，人很少！	0
房间装修陈旧，下水管堵塞，晚上折腾了2个多小时，还是没有修好。	0
带着70岁老人和小孩子，就因为是4星才订的，一订3间。好家伙，房间不隔音不说，淋浴水龙头一碰就掉了，水还不热。订了周四和周六的房，周四住上了，周六居然说没订单。全家提着行李在当地现找宾馆！（别说，大堂副理态度很好！就是说话不管用。）	0
这个酒店的所有设施是在是太陈旧了。早餐简直没法下咽。洗澡水小得没法洗澡。房间里尽然没有写字台，害我要座在自己的行李箱上，趴在行李架上上网。本来我想算了就住两天，将就一下吧。可是晚上看电视的时候尽然有一只大老鼠在我面前跑过，吓死我了。没办法第二天一早换酒店。	0
说实在的,一直在协程定房,一直觉得很方便,但是这次这儿的房间简直无法住人,就算粘着会展中心的边,也不是这样糊弄人的.如果你有车,还是住市区,开车来会场也方便.我们之前就是住在徐家汇,开车来的.结果一进房门:墙体斑驳,窗户漏风,走上去咚咚作响(是铁板地),就象是个工棚.晚上的房间很冷,空调开30度也没用!如果你没车.就选地铁旁入住,也方便.总之来上海浦东千万别住这里就是!!	0
房间还可以, 可是竟然没有网络.上网要到大堂 非常不方便.前台人员素质很差,要求换个房间给他们谈了两次,每次30分钟,最后领班来了才解决.	0
这个酒店如果不坐落在南湖边上,那就是一个招待所的级别.我们订了758的标间,却只有一张早餐券.另外一人要吃早餐,要68元,且无论你是大人还是孩子!而且早餐平种很少.我们住的房间墙纸也掉下来了.去的时候正好下雨,走道上还在漏水.而且酒店没有行李车帮客人搬行李.真不知道它这个五星是怎么评的.也许是当地政府行为吧.一个性价比不值的酒店!	0
河南人就是河南人！不被懵一次，那算白来一回；在全国乃至全世界那种叫做经济房的房间，在河南济源雅士达叫做“贵宾楼”，真够逗的！！！	0
从重庆过来，机场下来已经是下午5点多了，结果房间没有打扫好， 半小时OK， 6点，还没有好，15分钟。 晕！7点， 还没有好，和总台交涉， “我也没有办法”，7点半才进房间。电梯上去走道黑啊。真不知4星怎么挂上去的？从来没有遇到这么差的4星酒店。强烈不推荐！！！	0
隔音很差，又难找，老厂房改造，门口接待小的差点找到隔壁的酒店，上海人的小气	0
我是11月29日入住,12月1日离店的,由于我本人不慎将新买的皮鞋和一个仪器上的配件忘记在宾馆了,我给他们打电话,前台胡小姐态度很好又很耐心,在此表示感谢!	0
本人在２月９日和２月１０日两天通过携程预定了三亚的寰岛海底世界酒店，通过这次的预定，终于开了眼界，领略到了三亚酒店啃人的高招．本来４００元的房间我预定要１９８０元一个晚上，９日从海口开了快四个钟的车在下午三点半到酒店，办好入住手续上到房间快四点，结果房间还没收拾好，足足等了将近一个钟才可以进房间休息，进到房间更呆住了，之前预定时看网上的点评全都写得不错，我看都是这个酒店找人上去写的用来骗人的，１９８０远一晚的房间居然跟民宿没两样，厕所是黑的，还有臭味，被单是黄的，这个也算了，新年嘛．第二天早上我们就准时到中餐厅打算享用我们花了９０元（每人３０元）的中式早餐．结果再次呆住，想知道我们的早餐的内容吗？一小锅白粥，一小碟没味道的榨菜，三个馒头三个菜肉包三个芝麻球，就这样，结果我们一口都没吃就走了，相信这个黑店会把这些早餐收起来留给下一位客人用吧．两天过去了，我们要退房了，最气人的事情也来了，结帐时硬实污了我们二十块，说我们其中一个房间用了两包清洁液，事实我们根本没用，我想就算了反正二十块，出门在外肯定要忍声吞气的，议论争辨后在我们正打算付钱的时候，走来一个身穿黄色衣服，面目可憎的臭女人，说我们吃了退房，要加收４００元，（这个酒店不是假期的时候也只是４００元一晚），我实在太气了，知道根本争不过她们，我想中国现在是个文明社会，应该会投诉有门吧，结果我还是失望了，先打到海南省的旅游投诉电话，对方询问一轮后告诉我们这不是他们的管辖范围，要我打到三亚的投诉的电话，（我真不晓得这群领纳税人的钱过日子的烂人的职责是什么），我又再打到三亚，足足打了快半个钟才打得通，我又再重复一次刚才的话，对方说马上派人来了解处理，挂断后，心理想这个假期总不算太坏，还有人为我们主持公道，结果又是我们想得美，等了足足两个钟一个人都没到过（这期间我们不断打电话，就再也打不通，可能是故意让电话不通吧），结果我们还是付了那４００块才可以离开酒店，离开是已经是下午三点多了，大家都还没吃饭．这就是我在三亚这个全国闻名的旅游胜地得到的待遇，竞请各位想要入住这个烂酒店的游客务必先阅读我这篇住后感再做决定，免得象我们一样本来好好的假期白白被糟蹋了	0
汽车站下来后碰到了几个酒店拉客的，喋喋不休，于是通过携程预订了这个酒店。曲阜不大，酒店在曲阜城的北关，从车站过去大概1公里左右，后来坐一个三轮车过去的。4快钱比想象中的要便宜。酒店就是80年代的镇里面的招待所的感觉，大厅黑压压的，过道中N多垃圾，没人打扫，房间里地毯黑乎乎的，房间又小。马桶里也黑乎乎的。。。。另外问前台服务员有没有曲阜直达上海大巴，均被告知不知道。结果只好预订了济南回上海的飞机，第2天早上去车站坐车去济南的时候，顺便问了下售票员说曲阜到上海的大巴有好几班，特别是下午1～3点间有好多济宁等地去上海的过路车经过的。。。但机票已经预订好了，只好返回济南再坐飞机回去的。在离酒店100多米的地方有个曲阜国际青年旅舍，看起来不错，应该挺干净的，家庭房价格也就120块，比裕隆便宜，建议下次大家去这儿住。	0
房间一般，隔音感觉不是很好，地理位置不错，就在江边，靠江的房间开穿远眺就能看见大佛。服务态度餐厅的比前台好很多，早餐品种少了点。	1
酒店设施有点陈旧，但地处市中心地带，交通方便，服务也很好，携程的预定价格很公道，可以作为一个出差的选择	1
酒店位置非常的好，客人每次都要点名入住。	1
价格偏高,服务一般.窗外风景ok.早餐还不错	1
入住8号楼 81118房,服务人员态度很热情周到,房间整洁,早餐比较丰富.卫生间略显陈旧.	1
服务不则么样，太旧，旋转餐厅不转的，早餐的服务员好像我欠了他们钱一样，很差	0
性价比较高，我住了一晚之后从乐山回来又续订了两晚，比较满意。	1
帮同事订的酒店,他老兄刚从东莞回来,详细地问了一下他对粤海酒店的印象,说是硬件和软件:极好!所以表扬一下	1
位置太难找了，房间设施少，功能单一，作为商务间，没有配备电脑，有点遗憾～！	0
服务态度极其差，前台接待好象没有受过培训，连基本的礼貌都不懂，竟然同时接待几个客人；	0
宾馆在小街道上，不大好找，但还好北京热心同胞很多~	1
该酒店环境很差，简直就是一个小旅馆，甚至连一般小旅馆都不如。该酒店自1996年开业至今未有旅游局颁发的四星级证书，却按此标准收取房费，每间480元，简直就是欺诈消费者。希望以后网内预定房要具有国家旅游局颁发的星级证书，不要将此类酒店欺害更多的消费者，影响你网站的声誉，本人对此次预定相当不满、愤怒。	0
相对价钱,酒店真的不错,交通方便,干净整洁,	1
看了网友的点评才去的，确实不错。	1
我是看了网上的评论才定的该酒店,总结优点一是交通便利,二还是交通便利;别的确实差点!环境不说,要求本来不高,可入住三楼后发现外面是通风管道,嗡嗡一夜!劝入住的同志千万别选三层住!设施也相对老化,属于五星中的老年,需要重新装修!房间基本不通风和采光!住着比较憋屈!总之,我加了好多银子,住着不爽!后悔中......(今天刚从香港回来..)	1
豪华房很新很漂亮，象套间一样大，有一个专门的行李间；阳台很大，洗手间既有浴缸也有淋浴，还有个小梳妆间。服务也一流，都是见过世面的姑娘们，专业而得体。餐厅也很好，“吃在丁山”嘛，就是价格也是五星级的了。总之是个超级好酒店，专为住这儿，也值得来南京一次呢！	1
个人认为不符合4星的条件,房间很潮湿,酶味太重,,根本没办法入睡,浴室的条件也不怎么样,总之感觉更像个快捷式酒店	0
住过的最差的4星级宾馆，墙壁根本不隔音，晚上楼下卡拉ＯＫ吵的没法睡觉，早餐餐厅都是附近过来喝早茶的老头	0
总的来说还是不错的,但服务的态度和水准有待进一步提高	1
酒店的位置很好,距离火车站非常近.总提感觉酒店的性价比不错,房间不是很大,但是对于出公差来说,也是十分不错的选择了.	1
三人间，房间很宽敞，卫生间不大，但都很干净。三楼的胡同设计很别具匠心。只是早餐结束的时间太早.九点钟去餐厅正赶上服务员收视最后一张桌子.	1
酒店离报国寺和车站都很近；房间整洁干净；瑜珈温泉作为峨眉四大温泉之一，住店客人只需50元/人性价比较高；早餐非常丰富；唯一的缺点是１号楼楼道比较复杂，象个小迷宫，找房间花了一点时间．	1
上网收费巨高,房间卫生差,找不到服务员,床都坏了没人管.	0
除了地段可以，其他是一塌糊涂，惨不忍睹。和招待所差不多。	0
熟悉的酒店都住满了，迫不得已又住了一次。	0
整体感觉比较好软硬件都达到了4星标准，就是房间里有一点点的异味。	1
9月20日入住。总的来说：失望！开始拿到的房间，房间内充满很强烈的烟味，实在忍受不住，要求换房，不知是否前台有意见，给换了一间比前一间小的多的房，算了，将就一下睡一个晚上吧，心想。但一躺到床上发现不对劲，床垫中间是凹下去的，没办法躺的舒服，又不敢再叫换房了，不知再会出现什么问题。只好整个晚上睡在床垫的边上（那里没有凹），但整天晚上提心吊胆的怕掉下床！郁闷！	0
打车到酒店后发现，门面特别小而且差，很不起眼。到前台办手续又发现态度特别差，还摆着服务标兵的牌子，我是一点也没感觉到。房间也很一般。第二天中午时，我因为是下午四点半的飞机，因此商量能否将退房时间稍微延迟二十分钟左右，答复是一分都不行，超过一分钟就算半天，口气还很不友好！	0
目前为止，是我第一家还想下次去的酒店。无论是环境还是服务，都能让我感受到5星级的服务，尽管我去的时候是春节，一部分餐饮关闭，但是服务生快速的应答到位的服务还是让人感到贴心。	1
早餐还可以，房间一般，不过隔音效果很好，虽然对则一条大马路，但是根本听不到什么嘲音	1
酒店总的来说，还可以，下次去沈阳还会去住	1
优点就是地理位置，到外滩和南京路走路10分钟。房间比较小，楼层举架低，有点压抑。卫生间毛巾也许消过毒，但很旧，颜色发黄，没办法，我用的自带毛巾。服务人员都不太热情，办理入住的女孩子们还好，大堂前的服务生，问个路什么的回答问题时基本不正眼看我，很锻炼我的脾气，有利于修身养性。	0
不咋地 不象四星标准 也没按摩的 倒是有热水哪天	0
9月30日我给朋友（从德国来湖南打算去张家界）预订了2间房1晚，第2天早上结帐时服务员硬说房间少了1个衣架，我朋友只好上去6楼看，结果是服务员数错了。我朋友很生气，说酒店服务员数数都数不清吗？发生这样的事，让客人感觉到很不愉快，同时耽误了客人结帐的时间。	0
普通的公寓房，服务水平差，不适合商旅人事入住。	0
打电话到酒店问路，总机说不知道，转礼宾部，几个小伙也不熟悉，连东向西向也分不清，不过总算说了个标志性建筑，让我有了方向。	1
住了一次，还算可以。不过携程的房间一向不好	1
我住241房间,比较安静,地痰很旧,上面还有很多毛头.	0
不能够提供按照预定的房间要求，明明是要求两间大床房，当天到了之后才告知没有，而且只给了一个标准间，并且最开始连冷气都是坏的，北京40度的高温，不知道这里到底是酒店还是桑拿房	0
房间不错，比较大也比较干净。早餐挺糟糕的，基本没啥好吃的。	1
这家酒店以前未觉得有什么，最近入住两次非常郁闷。第一次，我定了一天，第二天居然酒店前台经理说不能续住，第一次遇见，携程还帮酒店说话。今天住酒店没有空调，三星级酒店，不可想象，服务员的解决办法就是拿个电风扇给我，超搞笑。携程的工作人员说酒店没有空调没有说法也是正常的。我真不知道携程的佣金是不是拿的有点太轻松了。没有答复的话，抛开酒店不谈，我觉得我对携程信任度也大打折扣。了。	0
性价比低，感觉很贵。选择酒店主要是离附近的企业近一些。房间总是能听得很响的水声。希望酒店能降低价格。目前的设施同安徽省内其它酒店相比只值250元不到啊	0
我是2月18日入住中远酒店的，我觉得400的价位性价比非常高,酒店可能刚装修过,大堂虽小,但非常干净,也很有品位．由于刚过春节,红灯笼和楼梯上彩条都还在，很喜庆．房间不大，但在香港应该也就不算小了．很干净，这一点我最满意，每天换开水，换新拖鞋，前台服务员很热情的向我们介绍公交线路，公交非常方便，１８路、１８P、104、113、5路都会停在酒店门前，还有电车站也在门前，到中环等繁华。唯一有点不如意之处是床太短了，我老公1.75的个子，一伸腿脚就到了床沿，个子高高的人士有些委屈的。总体来说是满意的	1
请各位注意酒店提供的饮用水是自来水，这是前台服务员说的。所以各位千万不能生喝酒店提供的饮用水。2008年了，北京的酒店还是这种水平，真是令人心寒。	0
入住的是商务套房，虽然没有协程上写的72平米那么大，但是52平米的布局和装修等等都非常得满意。套房里还有免费软饮，免费洗衣(一定的金额内)，所以说还是物有所值。地方虽然不靠海，但是我住的32楼可以看到海，而且离青岛最有名的美食街云霄路可以不行，所以说虽然没有海边度假村的那么休闲，但是地理位置还是相当的不错。	1
第二次去住，带着狗狗，保安说不能进去，我告知迟一点会交给朋友带走。保安无进一步意见，前台也未作任何提示，顺利入住。从进房间开始，就不断受到关照。1.一分钟后敲门告知要记得带狗狗出去；2.五分钟后打电话告知要带狗狗出去；3.十分钟后打电话告知要亲眼见到狗狗出去；4.十五分钟后告知如果没见到狗狗出去，他们要进房间检查；5.二十分钟后，再来电话，俺提出退房；6.三十分钟后电话告知退房要收人民币壹佰块！7.四十分钟后，朋友带狗狗出去。	0
1、与携程网之间的沟通或流程方面出现问题，我明明预订了，但是该酒店经查询后答复我说我没有订，没有接到到携程的传真。	0
前台服务态度很好很细心，但是硬件设施由于跟不上，老化。	1
什么破4星，热水要10分钟后才来。没有中央空调。	0
服务员态度等都不错，如果有定餐送餐服务就更完美了！	1
环境和设施都不好,提前预订的不靠铁轨的房间没给保留,整晚的火车汽笛声影响了睡眠	0
因为工作关系,每个月都会去住.在金华市区400左右是最好的选择.服务很好,早餐很好,离市中心也很近.360的标间装修风格稍旧但仍然整洁干净.强烈推荐.前台服务每次给我感觉都很好,表扬.	1
我喜欢这个酒店，因为那里有笑容！因为方便！因为价格合理！还有登州路56号的青岛啤酒！	1
位置有点篇，有一些民族风情！如果有机会可以去尝试一下	1
这个酒店地理位置不错，在无锡比较市中心区~出行方便	1
服务比较差，晚上经常有骚扰电话。我最不满意的是，我就打了2分钟长途电话，他们说我电话没挂好，计费系统还是继续计算，结果收了我60块电话费。早餐听说很差，没有去试。	0
大堂不怎么样，可房间住得很舒服。	1
最后调整到新翼楼，是他们新装修的楼层。	1
设施一般，比较旧。环境比较吵。二楼有个餐厅，人员往来较杂。	0
贵宾楼标间装修不错，能达到三星级标准。服务也很好，晚上很安静。就是在住了两晚后第三天结账的时候网络不通，不能用信用卡，当时很是郁闷，由于没有带太多现金，还去银行去取钱来交房费。	1
作为一家两星级酒店已经不错了，我订的是套房，房间很干净也很宽敞，卫生间很大，还带淋浴房，服务也很到位，毛病就是服务员的普通话需要加强	1
酒店交通方便，环境也不错，正好是我们办事地点的旁边，感觉性价比还可以，以后还会考虑入住该酒店。	1
服务极差,价格高,地点环境偏,房间条件能有一星..	0
定的商务大床房，房间偏小了，不过经济性酒店也就这样；环境一般，周围感觉蛮乱的，不过旁边有个易初莲花超市，买东西很方便；服务相对另2个经济型酒店算最好	1
这是我住过的最差的酒店了。我指的是管理。	0
酒店分新楼和旧楼，我订的标准间在旧楼上，不得不说的是房间的设施实在太旧了，地毯已经看不出颜色了，因为住的时间短，所以就没有再换，还好床上用品比较干净。还有前台有一个服务员似乎不会笑，仿佛你来住店给她添了巨大的麻烦一样，我住了2天，每次经过前台都不自觉地看看她，从未见她笑过。真晕！	0
酒店位置还不错，附近就有不少饭店。由于是单行道车子只能停在酒店的后门，到前台要走点路，这点不是很方便。酒店的门童如同虚设既不会帮客人开门，更不要说帮客人拿行李了。前台态度也不好，对客人爱理不理的。房间设施一般，网速不仅慢还会经常断网。	0
1．前台很有礼貌, 对客户的合理要求能有很快的回应.	1
首先感觉不像大酒店,应该属于公寓式酒店,房间很小,明显是住宅公寓改装的.	0
不能给人什么深刻印象，老五星，价格比较低。。。可以入住。。	1
除了便宜之外，基本再找不出其他什么优势，卫生间设施相当简陋，房间只有两个床头灯，没有宽带，偶尔能接收到附近居民家中的无线路由信号；所谓的双早是每个房间10块钱早餐券，仅有的几个品种均标有价格，连花生米都要卖到2块钱一碟，每个人超过5块钱后需现金支付。	0
服务很好。24小时供餐。我们晚上10点到酒店，专门为我们提供晚餐，很是感动，且价格也比较实惠。唯一感到不足的是，1号楼与2号楼的入住手续是分别办的，我们先开车找到酒店大堂，被告知这是2号楼，要到1号楼办手续。但携程订房时并未告知是几号楼。	1
不能说没有一点点问题，但酒店所有员工都在用一种非常的热情给每一个客人以尽可能的服务，所以，我愿意把最高的评价给这个酒店。	1
在副楼的房间有老旧了些,实有必要再整修了,尤其在地毯部份,不然整体上是不错的的.	1
作为一个5星级酒店,四百多元的价格，性价比太差了。	0
酒店适合度假，在尖沙咀汉口道逢整点有免费班车往返，房间大小适中，可以躺在床上看海，儿子在游泳池里玩得不想上来，缺少浴袍。早餐还可以。	1
地理位置不错，在市中心繁华地段，去天津街、清泥洼都很方便，楼下不远就有有轨电车；我住的是个mini标间，但比想像中的要大，有17、8平吧；服务什么的也都挺好，觉得不好的一点，上网居然要收费，20元/天，不过我也时间上，希望以后可以免费；电视可以收到韩、日、美、港等台，但有些台不清晰	1
晚上10点至凌晨4点之间骚扰电话太多，常常无法入睡，给总台反映过，但是没有起到作用！	1
1.服务意识太差，；通过携程订了一间大床房，进房间后，发现房间的地毯脏的实在不行，和值班经理交涉，要求换房。回答居然是：现在没有大床房，要么给你换豪华大床房，但要补差价，要么就是换标房。搞不懂怎么做服务行业的？由于自己的工作失误，给客人带来不便，好象是应该的，还很理直气壮。2.环境太吵 3.早餐只能用惨不忍睹来形容，不吃也罢。请大家还是远离的好！！！	0
该酒店住宿环境一般,房间装修一般,交通应该还是很方便吧	1
服务员态度极差！！！弄丢了订单不说，找的交接班借口，当客人投诉时前台服务员在那翻白眼。	0
房间还可以，早餐不大好，周围比较偏僻。服务态度一般。	0
刚进入索菲特银座大饭店时就受到了前台小姐热情的接待，她告诉我说通过携程预订的房间都可以免费升级，感觉非常温馨。我的房间被安排在专门的女士楼层，住过这么多的酒店，第一次听说有专门的女士楼层，觉得挺有特色的。房间里有很多好看的女性杂志，还有化妆棉和浴盐呢，最重要的是房间特别高，空气好，视野更好啦，可以看到全济南的建筑呢，大明湖和泉城广场也尽收眼底。下次来济南一定还住在这里......	1
我本来是订的220元的标间，后来告诉我只有258元的标间。只好答应、别无选择。以为在这种档次的城市，外标300多元的房间会不错，实际入住后，感觉性价比较差，设施简陋，不像能代表该市形象的窗口。空调是中央控制，房间内不可以调整，刚进房间有异味。	0
从去年开始就在装修，说是要升4星，房间还是老样子。	0
之前06年的时候入住感觉非常好，服务、硬件都不错。所以这次带父母、亲戚也入住这里，强力推荐了这家曾经感觉非常不错的酒店。可这次的感觉完全两样，可以这么说很失望很没面子。	0
我希望携程能多去找找性价比高的酒店,我是冲着四星去的,结果房间里是我想象不到脏乱差,首先进去一股很大的烟味象是前面入住的客人刚走没有来得及清洗,第二马桶的水下不去,淋浴的喷头及龙头是坏的,叫服务员换房间,前台却说你自己下来换,不知道整个邢台市还有有别的好酒店,我都服了,下次不去住了好在携程的服务还好,价格比前台问的便宜!	0
已经是多次入住了，04房间的窗外景色还是那么的美，对面超市购物也很方便。	1
地址不错,位于民族大道,由于我们是自驾车,所以比较容易找.房间实在太小,简陋了点.一楼的餐厅很方便,我们在那吃晚饭,感觉味道不错.	1
住的行政大床房,实在是喜欢西郊里的环境,院子里的黑天鹅,丹顶鹤,还有西郊的小野猫,繁华上海中的安逸休息之地,以后去上海都住这里.	1
看了大家的评价不错，才选择这家的。房间无论如何不能说是三星的标准，个人感觉不如如家布置得温馨。	0
先说好的: 地段在闹市区中心,房间也还可以,价格比较便宜,含在188房价里的早餐也可以.	0
酒店位置在很市中心的地方,房间也不错,旁边有一个府山公园.早餐品种不是很丰富.	1
酒店位置很好，中山陵里面，梅花山旁边，走过去很近。	1
不喜欢这个酒店，感觉同它的星级相差很远：	0
住过全国那么多星级酒店，这个酒店是我唯一一次提前退房的经验，一个字：差	0
1．前台很有礼貌, 对客户的合理要求能有很快的回应.	1
没有早餐，酒店价格算是较贵的，房间设备比较陈旧。	1
酒店外观相对气派,但房间确实很简陋,设施陈旧,卫生一般,最多就是个90年代未的水平。不过大庆宾馆较少，找了一遍发现也的确再没有什么宾馆了。	0
忘了说，前台服务较烂，中午在莫泰自营的“美林小厨”午餐后，有一个打包盒，想暂寄前台出去买包烟，前台男生说不寄放食品。我回酒店翻边所有“客户须知”无此项，相反要求客户将贵重物品寄前台。打包的鲍鱼，算不算物品？	0
早餐食物相当一般，跟其服务水准不相符，希望进一步改进。	1
该酒点实在太差,携程非常不负责,我花308住豪华房,性价比也就是150,就是一个鸡窝,建议所有的朋友不要去住!本人发言实际,请如住前三思再三思!后毁!!!!!!!!!!!!!!	0
枕头太低了不好睡，不过在驻马店这种地方算可以了	0
酒店环境还可，价位也不错，我想以后还是会居住这里。	1
老五星级酒店，358元标房，价格实惠，就是房间电视太小，其他不错。	1
