-DOCSTART-	O
EU rejects German call to boycott British lamb .	S-ORG O S-MISC O O O S-MISC O O
Peter Blackburn	B-PER E-PER
BRUSSELS 1996-08-22	S-LOC O
The European Commission said on Thursday it disagreed with German advice to consumers to shun British lamb until scientists determine whether mad cow disease can be transmitted to sheep .	O B-ORG E-ORG O O O O O O S-MISC O O O O O S-MISC O O O O O O O O O O O O O O
Germany 's representative to the European Union 's veterinary committee Werner Zwingmann said on Wednesday consumers should buy sheepmeat from countries other than Britain until the scientific advice was clearer .	S-LOC O O O O B-ORG E-ORG O O O B-PER E-PER O O O O O O O O O O O S-LOC O O O O O O O
" We do n't support any such recommendation because we do n't see any grounds for it , " the Commission 's chief spokesman Nikolaus van der Pas told a news briefing .	O O O O O O O O O O O O O O O O O O O O S-ORG O O O B-PER I-PER I-PER E-PER O O O O O
He said further scientific study was required and if it was found that action was needed it should be taken by the European Union .	O O O O O O O O O O O O O O O O O O O O O O B-ORG E-ORG O
He said a proposal last month by EU Farm Commissioner Franz Fischler to ban sheep brains , spleens and spinal cords from the human and animal food chains was a highly specific and precautionary move to protect human health .	O O O O O O O S-ORG O O B-PER E-PER O O O O O O O O O O O O O O O O O O O O O O O O O O O O
Fischler proposed EU-wide measures after reports from Britain and France that under laboratory conditions sheep could contract Bovine Spongiform Encephalopathy ( BSE ) -- mad cow disease .	S-PER O S-MISC O O O O S-LOC O S-LOC O O O O O O O B-MISC I-MISC E-MISC O S-MISC O O O O O O
But Fischler agreed to review his proposal after the EU 's standing veterinary committee , mational animal health officials , questioned if such action was justified as there was only a slight risk to human health .	O S-PER O O O O O O O S-ORG O O O O O O O O O O O O O O O O O O O O O O O O O O O
Spanish Farm Minister Loyola de Palacio had earlier accused Fischler at an EU farm ministers ' meeting of causing unjustified alarm through " dangerous generalisation . "	S-MISC O O B-PER I-PER E-PER O O O S-PER O O S-ORG O O O O O O O O O O O O O O
.	O
Only France and Britain backed Fischler 's proposal .	O S-LOC O S-LOC O S-PER O O O
The EU 's scientific veterinary and multidisciplinary committees are due to re-examine the issue early next month and make recommendations to the senior veterinary officials .	O S-ORG O O O O O O O O O O O O O O O O O O O O O O O O
Sheep have long been known to contract scrapie , a brain-wasting disease similar to BSE which is believed to have been transferred to cattle through feed containing animal waste .	O O O O O O O O O O O O O O S-MISC O O O O O O O O O O O O O O O
British farmers denied on Thursday there was any danger to human health from their sheep , but expressed concern that German government advice to consumers to avoid British lamb might influence consumers across Europe .	S-MISC O O O O O O O O O O O O O O O O O O O S-MISC O O O O O O S-MISC O O O O O S-LOC O
" What we have to be extremely careful of is how other countries are going to take Germany 's lead , " Welsh National Farmers ' Union ( NFU ) chairman John Lloyd Jones said on BBC radio .	O O O O O O O O O O O O O O O O O S-LOC O O O O B-ORG I-ORG I-ORG I-ORG E-ORG O S-ORG O O B-PER I-PER E-PER O O B-ORG E-ORG O
Bonn has led efforts to protect public health after consumer confidence collapsed in March after a British report suggested humans could contract an illness similar to mad cow disease by eating contaminated beef .	S-LOC O O O O O O O O O O O O O O O S-MISC O O O O O O O O O O O O O O O O O
Germany imported 47,600 sheep from Britain last year , nearly half of total imports .	S-LOC O O O O S-LOC O O O O O O O O O
It brought in 4,275 tonnes of British mutton , some 10 percent of overall imports .	O O O O O O S-MISC O O O O O O O O O
-DOCSTART-	O
Rare Hendrix song draft sells for almost $ 17,000 .	O S-PER O O O O O O O O
LONDON 1996-08-22	S-LOC O
A rare early handwritten draft of a song by U.S. guitar legend Jimi Hendrix was sold for almost $ 17,000 on Thursday at an auction of some of the late musician 's favourite possessions .	O O O O O O O O O S-LOC O O B-PER E-PER O O O O O O O O O O O O O O O O O O O O O
A Florida restaurant paid 10,925 pounds ( $ 16,935 ) for the draft of " Ai n't no telling " , which Hendrix penned on a piece of London hotel stationery in late 1966 .	O S-LOC O O O O O O O O O O O O O B-MISC I-MISC I-MISC E-MISC O O O S-PER O O O O O S-LOC O O O O O O
At the end of a January 1967 concert in the English city of Nottingham he threw the sheet of paper into the audience , where it was retrieved by a fan .	O O O O O O O O O O S-MISC O O S-LOC O O O O O O O O O O O O O O O O O O
Buyers also snapped up 16 other items that were put up for auction by Hendrix 's former girlfriend Kathy Etchingham , who lived with him from 1966 to 1969 .	O O O O O O O O O O O O O O S-PER O O O B-PER E-PER O O O O O O O O O O
They included a black lacquer and mother of pearl inlaid box used by Hendrix to store his drugs , which an anonymous Australian purchaser bought for 5,060 pounds ( $ 7,845 ) .	O O O O O O O O O O O O O S-PER O O O O O O O O S-MISC O O O O O O O O O O
The guitarist died of a drugs overdose in 1970 aged 27 .	O O O O O O O O O O O O
-DOCSTART-	O
China says Taiwan spoils atmosphere for talks .	S-LOC O S-LOC O O O O O
BEIJING 1996-08-22	S-LOC O
China on Thursday accused Taipei of spoiling the atmosphere for a resumption of talks across the Taiwan Strait with a visit to Ukraine by Taiwanese Vice President Lien Chan this week that infuriated Beijing .	S-LOC O O O S-LOC O O O O O O O O O O O B-LOC E-LOC O O O O S-LOC O S-MISC O O B-PER E-PER O O O O S-LOC O
Speaking only hours after Chinese state media said the time was right to engage in political talks with Taiwan , Foreign Ministry spokesman Shen Guofang told Reuters : " The necessary atmosphere for the opening of the talks has been disrupted by the Taiwan authorities . "	O O O O S-MISC O O O O O O O O O O O O O S-LOC O B-ORG E-ORG O B-PER E-PER O S-ORG O O O O O O O O O O O O O O O O S-LOC O O O
State media quoted China 's top negotiator with Taipei , Tang Shubei , as telling a visiting group from Taiwan on Wednesday that it was time for the rivals to hold political talks .	O O O S-LOC O O O O S-LOC O B-PER E-PER O O O O O O O S-LOC O O O O O O O O O O O O O O
" Now is the time for the two sides to engage in political talks ...	O O O O O O O O O O O O O O O
that is to end the state of hostility , " Thursday 's overseas edition of the People 's Daily quoted Tang as saying .	O O O O O O O O O O O O O O O O B-ORG I-ORG E-ORG O S-PER O O O
The foreign ministry 's Shen told Reuters Television in an interview he had read reports of Tang 's comments but gave no details of why the negotiator had considered the time right for talks with Taiwan , which Beijing considers a renegade province .	O O O O S-ORG O B-ORG E-ORG O O O O O O O O S-PER O O O O O O O O O O O O O O O O O O S-LOC O O S-LOC O O O O O
China , which has long opposed all Taipei efforts to gain greater international recognition , was infuriated by a visit to Ukraine this week by Taiwanese Vice President Lien .	S-LOC O O O O O O S-LOC O O O O O O O O O O O O O S-LOC O O O S-MISC O O S-PER O
-DOCSTART-	O
China says time right for Taiwan talks .	S-LOC O O O O S-LOC O O
BEIJING 1996-08-22	S-LOC O
China has said it was time for political talks with Taiwan and that the rival island should take practical steps towards that goal .	S-LOC O O O O O O O O O S-LOC O O O O O O O O O O O O O
Consultations should be held to set the time and format of the talks , the official Xinhua news agency quoted Tang Shubei , executive vice chairman of the Association for Relations Across the Taiwan Straits , as saying late on Wednesday .	O O O O O O O O O O O O O O O O S-ORG O O O B-PER E-PER O O O O O O B-ORG I-ORG I-ORG I-ORG I-ORG I-ORG E-ORG O O O O O O O
-DOCSTART-	O
German July car registrations up 14.2 pct yr / yr .	S-MISC O O O O O O O O O O
FRANKFURT 1996-08-22	S-LOC O
German first-time registrations of motor vehicles jumped 14.2 percent in July this year from the year-earlier period , the Federal office for motor vehicles said on Thursday .	S-MISC O O O O O O O O O O O O O O O O O O B-ORG I-ORG I-ORG I-ORG E-ORG O O O O
The office said 356,725 new cars were registered in July 1996 -- 304,850 passenger cars and 15,613 trucks .	O O O O O O O O O O O O O O O O O O O
The figures represent a 13.6 percent increase for passenger cars and a 2.2 percent decline for trucks from July 1995 .	O O O O O O O O O O O O O O O O O O O O O
Motor-bike registration rose 32.7 percent in the period .	O O O O O O O O O
The growth was partly due to an increased number of Germans buying German cars abroad , while manufacturers said that domestic demand was weak , the federal office said .	O O O O O O O O O O S-MISC O S-MISC O O O O O O O O O O O O O O O O O
Almost all German car manufacturers posted gains in registration numbers in the period .	O O S-MISC O O O O O O O O O O O
Volkswagen AG won 77,719 registrations , slightly more than a quarter of the total .	B-ORG E-ORG O O O O O O O O O O O O O
Opel AG together with General Motors came in second place with 49,269 registrations , 16.4 percent of the overall figure .	B-ORG E-ORG O O B-ORG E-ORG O O O O O O O O O O O O O O O
Third was Ford with 35,563 registrations , or 11.7 percent .	O O S-ORG O O O O O O O O
Only Seat and Porsche had fewer registrations in July 1996 compared to last year 's July .	O S-ORG O S-ORG O O O O O O O O O O O O O
Seat posted 3,420 registrations compared with 5522 registrations in July a year earlier .	S-ORG O O O O O O O O O O O O O
Porsche 's registrations fell to 554 from 643 .	S-ORG O O O O O O O O
-DOCSTART-	O
GREEK SOCIALISTS GIVE GREEN LIGHT TO PM FOR ELECTIONS .	S-MISC O O O O O O O O O
ATHENS 1996-08-22	S-LOC O
The Greek socialist party 's executive bureau gave the green light to Prime Minister Costas Simitis to call snap elections , its general secretary Costas Skandalidis told reporters .	O S-MISC O O O O O O O O O O O O B-PER E-PER O O O O O O O O B-PER E-PER O O O
Prime Minister Costas Simitis is going to make an official announcement after a cabinet meeting later on Thursday , said Skandalidis .	O O B-PER E-PER O O O O O O O O O O O O O O O O S-PER O
-- Dimitris Kontogiannis , Athens Newsroom +301 3311812-4	O B-PER E-PER O B-ORG E-ORG O O
-DOCSTART-	O
BayerVB sets C$ 100 million six-year bond .	S-ORG O S-MISC O O O O O
LONDON 1996-08-22	S-LOC O
The following bond was announced by lead manager Toronto Dominion .	O O O O O O O O B-PER E-PER O
BORROWER BAYERISCHE VEREINSBANK	O B-ORG E-ORG
AMT C$ 100 MLN COUPON 6.625 MATURITY 24.SEP.02	O S-MISC O O O O O O
TYPE STRAIGHT ISS PRICE 100.92 PAY DATE 24.SEP.96	O O O O O O O O
FULL FEES 1.875 REOFFER 99.32 SPREAD +20 BP	O O O O O O O O
MOODY AA1 LISTING LUX PAY FREQ =	O O O O O O O
S&P = DENOMS ( K ) 1-10-100 SALE LIMITS US / UK / CA	S-ORG O O O O O O O O S-LOC O S-LOC O S-LOC
NEG PLG NO CRS DEFLT NO FORCE MAJ =	O O O O O O O O O
GOV LAW GERMAN HOME CTRY = TAX PROVS STANDARD	O O S-MISC O O O O O O
MGT / UND 0.275 SELL CONC 1.60 PRAECIP =	O O O O O O O O O
UNDERLYING GOVT BOND 7.0 PCT SEPT 2001	O O O O O O O
NOTES BAYERISCHE VEREINSBANK IS JOINT LEAD MANAGER	O B-ORG E-ORG O O O O
-- London Newsroom +44 171 542 7658	O B-ORG E-ORG O O O O
-DOCSTART-	O
Venantius sets $ 300 million January 1999 FRN .	S-ORG O O O O O O O O
LONDON 1996-08-22	S-LOC O
The following floating-rate issue was announced by lead manager Lehman Brothers International .	O O O O O O O O O B-ORG I-ORG E-ORG O
BORROWER VENANTIUS AB ( SWEDISH NATIONAL MORTGAGE AGENCY )	O B-ORG E-ORG O S-MISC O O O O
AMT $ 300 MLN SPREAD - 12.5 BP MATURITY 21.JAN.99	O O O O O O O O O O
TYPE FRN BASE 3M LIBOR PAY DATE S23.SEP.96	O O O S-ORG O O O O
LAST MOODY AA3 ISS PRICE 99.956 FULL FEES 10 BP	O O O O O O O O O O
LAST S&P AA+ REOFFER =	O S-ORG O O O
NOTES S SHORT FIRST COUPON	O O O O O
LISTING LONDON DENOMS ( K ) 1-10-100 SALE LIMITS US / UK / JP / FR	O S-LOC O O O O O O O S-LOC O S-LOC O S-LOC O S-LOC
NEG PLG YES CRS DEFLT NO FORCE MAJ IPMA 2	O O O O O O O O O O
GOV LAW ENGLISH HOME CTRY SWEDEN TAX PROVS STANDARD	O O S-MISC O O S-LOC O O O
MGT / UND 5 BP SELL CONC 5 BP PRAECIP =	O O O O O O O O O O O
NOTES ISSUED OFF EMTN PROGRAMME	O O O O O
-- London Newsroom +44 171 542 8863	O B-ORG E-ORG O O O O
-DOCSTART-	O
Port conditions update - Syria - Lloyds Shipping .	O O O O S-LOC O B-ORG E-ORG O
Port conditions from Lloyds Shipping Intelligence Service --	O O O B-ORG I-ORG I-ORG E-ORG O
LATTAKIA , Aug 10 - waiting time at Lattakia and Tartous presently 24 hours .	S-LOC O O O O O O O S-LOC O S-LOC O O O O
-DOCSTART-	O
Israel plays down fears of war with Syria .	S-LOC O O O O O O S-LOC O
Colleen Siegel	B-PER E-PER
JERUSALEM 1996-08-22	S-LOC O
Israel 's outgoing peace negotiator with Syria said on Thursday current tensions between the two countries appeared to be a storm in a teacup .	S-LOC O O O O O S-LOC O O O O O O O O O O O O O O O O O O
Itamar Rabinovich , who as Israel 's ambassador to Washington conducted unfruitful negotiations with Syria , told Israel Radio it looked like Damascus wanted to talk rather than fight .	B-PER E-PER O O O S-LOC O O O S-LOC O O O O S-LOC O O B-ORG E-ORG O O O S-LOC O O O O O O O
" It appears to me the Syrian priority is still to negotiate .	O O O O O O S-MISC O O O O O O
The Syrians are confused , they are definitely tense , but the general assessment here in Washington is that this is essentially a storm in a teacup , " he said .	O S-MISC O O O O O O O O O O O O O O S-LOC O O O O O O O O O O O O O O O
Rabinovich is winding up his term as ambassador .	S-PER O O O O O O O O
He will be replaced by Eliahu Ben-Elissar , a former Israeli envoy to Egypt and right-wing Likud party politician .	O O O O O B-PER E-PER O O O S-MISC O O S-LOC O O S-ORG O O O
Israel on Wednesday sent Syria a message , via Washington , saying it was committed to peace and wanted to open negotiations without preconditions .	S-LOC O O O S-LOC O O O O S-LOC O O O O O O O O O O O O O O O
But it slammed Damascus for creating what it called a dangerous atmosphere .	O O O S-LOC O O O O O O O O O
Syria accused Israel on Wednesday of launching a hysterical campaign against it after Israeli television reported that Damascus had recently test fired a missile .	S-LOC O S-LOC O O O O O O O O O O S-MISC O O O S-LOC O O O O O O O
It said its arms purchases were for defensive purposes .	O O O O O O O O O O
" The message that we sent to ( Syrian President Hafez al- ) Assad is that Israel is ready at any time without preconditions to enter peace negotiations , " Israeli Foreign Minister David Levy told Israel Radio in an interview .	O O O O O O O O S-MISC O B-PER E-PER O S-PER O O S-LOC O O O O O O O O O O O O O S-MISC O O B-PER E-PER O B-ORG E-ORG O O O O
Tension has mounted since Israeli Prime Minister Benjamin Netanyahu took office in June vowing to retain the Golan Heights Israel captured from Syria in the 1967 Middle East war .	O O O O S-MISC O O B-PER E-PER O O O O O O O O B-LOC E-LOC S-LOC O O S-LOC O O O B-LOC E-LOC O O
Israeli-Syrian peace talks have been deadlocked over the Golan since 1991 despite the previous government 's willingness to make Golan concessions .	S-MISC O O O O O O O S-LOC O O O O O O O O O O S-LOC O O
Peace talks between the two sides were last held in February .	O O O O O O O O O O O O
" The voices coming out of Damascus are bad , not good .	O O O O O O S-LOC O O O O O O
The media ...	O O O
are full of expressions and declarations that must be worrying ...	O O O O O O O O O O O
this artificial atmosphere is very dangerous because those who spread it could become its prisoners , " Levy said .	O O O O O O O O O O O O O O O O O S-PER O O
" We expect from Syria , if its face is to peace , that it will answer Israel 's message to enter peace negotiations because that is our goal , " he said . "	O O O O S-LOC O O O O O O O O O O O O S-LOC O O O O O O O O O O O O O O O O O
We do not want a war , God forbid .	O O O O O O O S-PER O O
No one benefits from wars . "	O O O O O O O
Israel 's Channel Two television said Damascus had sent a " calming signal " to Israel .	S-LOC O B-ORG E-ORG O O S-LOC O O O O O O O O S-LOC O
It gave no source for the report .	O O O O O O O O
Netanyahu and Levy 's spokesmen said they could not confirm it .	S-PER O S-PER O O O O O O O O O
The television also said that Netanyahu had sent messages to reassure Syria via Cairo , the United States and Moscow .	O O O O O S-PER O O O O O S-LOC O S-LOC O O B-LOC E-LOC O S-LOC O
-DOCSTART-	O
Polish diplomat denies nurses stranded in Libya .	S-MISC O O O O O S-LOC O
TUNIS 1996-08-22	S-LOC O
A Polish diplomat on Thursday denied a Polish tabloid report this week that Libya was refusing exit visas to 100 Polish nurses trying to return home after working in the North African country .	O S-MISC O O O O O S-MISC O O O O O S-LOC O O O O O O S-MISC O O O O O O O O O B-MISC E-MISC O O
" This is not true .	O O O O O O
Up to today , we have no knowledge of any nurse stranded or kept in Libya without her will , and we have not received any complaint , " the Polish embassy 's charge d'affaires in Tripoli , Tadeusz Awdankiewicz , told Reuters by telephone .	O O O O O O O O O O O O O O O S-LOC O O O O O O O O O O O O O O S-MISC O O O O O S-LOC O B-PER E-PER O O S-ORG O O O
Poland 's labour ministry said this week it would send a team to Libya to investigate , but Awdankiewicz said the probe was prompted by some nurses complaining about their work conditions such as non-payment of their salaries .	S-LOC O O O O O O O O O O O O S-LOC O O O O S-PER O O O O O O O O O O O O O O O O O O O O
He said that there are an estimated 800 Polish nurses working in Libya .	O O O O O O O O S-MISC O O O S-LOC O
-DOCSTART-	O
Two Iranian opposition leaders meet in Baghdad .	O S-MISC O O O O S-LOC O
Hassan Hafidh	B-PER E-PER
BAGHDAD 1996-08-22	S-LOC O
An Iranian exile group based in Iraq vowed on Thursday to extend support to Iran 's Kurdish rebels after they were attacked by Iranian troops deep inside Iraq last month .	O S-MISC O O O O S-LOC O O O O O O O S-LOC O S-MISC O O O O O O S-MISC O O O S-LOC O O O
A Mujahideen Khalq statement said its leader Massoud Rajavi met in Baghdad the Secretary-General of the Kurdistan Democratic Party of Iran ( KDPI ) Hassan Rastegar on Wednesday and voiced his support to Iran 's rebel Kurds .	O B-ORG E-ORG O O O O B-PER E-PER O O S-LOC O O O O B-ORG I-ORG I-ORG I-ORG E-ORG O S-ORG O B-PER E-PER O O O O O O O S-LOC O O S-MISC O
" Rajavi emphasised that the Iranian Resistance would continue to stand side by side with their Kurdish compatriots and the resistance movement in Iranian Kurdistan , " it said .	O S-MISC O O O S-MISC S-ORG O O O O O O O O O S-MISC O O O O O O B-LOC E-LOC O O O O O
A spokesman for the group said the meeting " signals a new level of cooperation between Mujahideen Khalq and the Iranian Kurdish oppositions " .	O O O O O O O O O O O O O O O O B-ORG E-ORG O O B-MISC E-MISC O O O
Iran heavily bombarded targets in northern Iraq in July in pursuit of KDPI guerrillas based in Iraqi Kurdish areas outside the control of the government in Baghdad .	S-LOC O O O O O S-LOC O O O O O S-ORG O O O B-MISC E-MISC O O O O O O O O S-LOC O
Iraqi Kurdish areas bordering Iran are under the control of guerrillas of the Iraqi Kurdish Patriotic Union of Kurdistan ( PUK ) group .	B-MISC E-MISC O O S-LOC O O O O O O O O B-ORG I-ORG I-ORG I-ORG I-ORG E-ORG O S-ORG O O O
PUK and Iraq 's Kurdistan Democratic Party ( KDP ) the two main Iraqi Kurdish factions , have had northern Iraq under their control since Iraqi forces were ousted from Kuwait in the 1991 Gulf War .	S-ORG O S-LOC O B-ORG I-ORG E-ORG O S-ORG O O O O B-MISC E-MISC O O O O O S-LOC O O O O S-MISC O O O O S-LOC O O O B-MISC E-MISC O
Clashes between the two parties broke out at the weekend in the most serious fighting since a U.S.-sponsored ceasefire last year .	O O O O O O O O O O O O O O O O O S-MISC O O O O
Mujahideen Khalq said Iranian troops had also been shelling KDP positions in Qasri region in Suleimaniya province near the Iranian border over the last two days .	B-ORG E-ORG O S-MISC O O O O O S-ORG O O S-LOC O O S-LOC O O O S-MISC O O O O O O O
It said about 100 Iraqi Kurds were killed or wounded in the attack .	O O O O B-MISC E-MISC O O O O O O O O
Both Iran and Turkey mount air and land strikes at targets in northern Iraq in pursuit of their own Kurdish rebels .	O S-LOC O S-LOC O O O O O O O O O S-LOC O O O O O S-MISC O O
A U.S.-led air force in southern Turkey protects Iraqi Kurds from possible attacks by Baghdad troops .	O S-MISC O O O O S-LOC O B-MISC E-MISC O O O O S-LOC O O
-DOCSTART-	O
Saudi riyal rates steady in quiet summer trade .	S-MISC O O O O O O O O
MANAMA 1996-08-22	S-LOC O
The spot Saudi riyal against the dollar and riyal interbank deposit rates were mainly steady this week in quiet summer trade , dealers in the kingdom said .	O O S-MISC O O O O O O O O O O O O O O O O O O O O O O O O O
" There were no changes in Saudi riyal rates .	O O O O O O S-MISC O O O
The market was very quiet because of summer holidays , " one dealer said .	O O O O O O O O O O O O O O O
The spot riyal was put at 3.7504 / 06 to the dollar .	O O O O O O O O O O O O O
One-month interbank deposits were at 5-1/2 , 3/8 percent , three months were 5-5/8 , 1/2 percent and six months were 5-3/4 , 5/8 percent .	S-MISC O O O O O O O O O O O O O O O O O O O O O O O O O
One-year funds were at six , 5-7/8 percent .	S-MISC O O O O O O O O
-DOCSTART-	O
Israel approves Arafat 's flight to West Bank .	S-LOC O S-PER O O O B-LOC E-LOC O
JERUSALEM 1996-08-22	S-LOC O
Israel gave Palestinian President Yasser Arafat permission on Thursday to fly over its territory to the West Bank , ending a brief Israeli-PLO crisis , an Arafat adviser said .	S-LOC O S-MISC O B-PER E-PER O O O O O O O O O O B-LOC E-LOC O O O O S-MISC O O O S-PER O O O
" The problem is over .	O O O O O O
The president 's aircraft has received permission to pass through Israeli airspace but the president is not expected to travel to the West Bank before Monday , " Nabil Abu Rdainah told Reuters .	O O O O O O O O O O S-MISC O O O O O O O O O O O B-LOC E-LOC O O O O B-PER I-PER E-PER O S-ORG O
Arafat had been scheduled to meet former Israeli prime minister Shimon Peres in the West Bank town of Ramallah on Thursday but the venue was changed to Gaza after Israel denied flight clearance to the Palestinian leader 's helicopters .	S-PER O O O O O O S-MISC O O B-PER E-PER O O B-LOC E-LOC O O S-LOC O O O O O O O O S-LOC O S-LOC O O O O O S-MISC O O O O
Palestinian officials accused right-wing Prime Minister Benjamin Netanyahu of trying to stop the Ramallah meeting by keeping Arafat grounded .	S-MISC O O O O O B-PER E-PER O O O O O S-LOC O O O S-PER O O
Arafat subsequently cancelled a meeting between Israeli and PLO officials , on civilian affairs , at the Allenby Bridge crossing between Jordan and the West Bank .	S-PER O O O O O S-MISC O S-ORG O O O O O O O O B-LOC E-LOC O O S-LOC O O B-LOC E-LOC O
Abu Rdainah said Arafat had decided against flying to the West Bank on Thursday , after Israel lifted the ban , because he had a busy schedule in Gaza and would not be free until Monday .	B-PER E-PER O S-PER O O O O O O B-LOC E-LOC O O O O S-LOC O O O O O O O O O O O S-LOC O O O O O O O O
-DOCSTART-	O
Arafat to meet Peres in Gaza after flight ban .	S-PER O O S-PER O S-LOC O O O O
JERUSALEM 1996-08-22	S-LOC O
Yasser Arafat will meet Shimon Peres in Gaza on Thursday after Palestinians said the right-wing Israeli government had barred the Palestinian leader from flying to the West Bank for talks with the former prime minister .	B-PER E-PER O O B-PER E-PER O S-LOC O O O S-MISC O O O S-MISC O O O O S-MISC O O O O O B-LOC E-LOC O O O O O O O O
" The meeting between Peres and Arafat will take place at Erez checkpoint in Gaza and not in Ramallah as planned , " Peres ' office said .	O O O O S-PER O S-PER O O O O S-LOC O O S-LOC O O O S-LOC O O O O S-PER O O O O
Palestinian officials said the Israeli government had barred Arafat from overflying Israel in a Palestinian helicopter to the West Bank in an attempt to bar the meeting with Peres .	S-MISC O O O S-MISC O O O S-PER O O S-LOC O O S-MISC O O O B-LOC E-LOC O O O O O O O O S-PER O
Israeli Prime Minister Benjamin Netanyahu has accused opposition leader Peres , who he defeated in May elections , of trying to undermine his Likud government 's authority to conduct peace talks .	S-MISC O O B-PER E-PER O O O O S-PER O O O O O O O O O O O O O S-ORG O O O O O O O O
-DOCSTART-	O
Afghan UAE embassy says Taleban guards going home .	S-MISC S-LOC O O S-MISC O O O O
Hilary Gush	B-PER E-PER
DUBAI 1996-08-22	S-LOC O
Three Afghan guards brought to the United Arab Emirates last week by Russian hostages who escaped from the Taleban militia will return to Afghanistan in a few days , the Afghan embassy in Abu Dhabi said on Thursday .	O S-MISC O O O O B-LOC I-LOC E-LOC O O O S-MISC O O O O O S-MISC O O O O S-LOC O O O O O O S-MISC O O B-LOC E-LOC O O O O
" Our ambassador is in touch with the UAE foreign ministry .	O O O O O O O O S-LOC O O O
Their return to Afghanistan will take place in two or three days , " an embassy official said .	O O O S-LOC O O O O O O O O O O O O O O O
" The embassy is issuing them travel documents for their return to their homeland .	O O O O O O O O O O O O O O O
There is no objection to their travel , " he added .	O O O O O O O O O O O O
The three Islamic Taleban guards were overpowered by seven Russian aircrew who escaped to UAE state Sharjah last Friday on board their own aircraft after a year in the captivity of Taleban militia in Kandahar in southern Afghanistan .	O O B-MISC E-MISC O O O O O S-MISC O O O O S-LOC O S-LOC O O O O O O O O O O O O O O S-MISC O O S-LOC O O S-LOC O
The UAE said on Monday it would hand over the three to the International Red Crescent , possibly last Tuesday .	O S-LOC O O O O O O O O O O O B-ORG I-ORG E-ORG O O O O O
It has since been silent on the issue .	O O O O O O O O O
When asked whether the three guards would travel back to Kandahar or the Afghan capital Kabul , the embassy official said : " That has not been decided , but possibly Kandahar . "	O O O O O O O O O O S-LOC O O S-MISC O S-LOC O O O O O O O O O O O O O O O S-LOC O O
Kandahar is the headquarters of the opposition Taleban militia .	S-LOC O O O O O O S-MISC O O
Kabul is controlled by President Burhanuddin Rabbani 's government , which Taleban is fighting to overthrow .	S-LOC O O O O B-PER E-PER O O O O S-MISC O O O O O
The embassy official said the three men , believed to be in their 20s , were currently in Abu Dhabi .	O O O O O O O O O O O O O O O O O O B-LOC E-LOC O
He did not elaborate .	O O O O O
The Russians , working for the Aerostan firm in the Russian republic of Tatarstan , were taken hostage after a Taleban MiG-19 fighter forced their cargo plane to land in August 1995 .	O S-MISC O O O O S-ORG O O O S-MISC O O S-LOC O O O O O O S-MISC S-MISC O O O O O O O O O O O
Taleban said its shipment of ammunition from Albania was evidence of Russian military support for Rabbani 's government .	S-MISC O O O O O O S-LOC O O O S-MISC O O O S-PER O O O
Moscow said the crew 's nationality was coincidental .	S-LOC O O O O O O O O
Numerous diplomatic attempts to free the seven failed .	O O O O O O O O O
The Russians , who said they overpowered the guards -- two armed with Kalashnikov automatic rifles -- while doing regular maintenance work on their Ilyushin 76 cargo plane last Friday , left the UAE capital Abu Dhabi for home on Sunday .	O S-MISC O O O O O O O O O O O S-MISC O O O O O O O O O O B-MISC E-MISC O O O O O O O S-LOC O B-LOC E-LOC O O O O O
-DOCSTART-	O
Iraq 's Saddam meets Russia 's Zhirinovsky .	S-LOC O S-PER O S-LOC O S-PER O
BAGHDAD 1996-08-22	S-LOC O
Iraqi President Saddam Hussein has told visiting Russian ultra-nationalist Vladimir Zhirinovsky that Baghdad wanted to maintain " friendship and cooperation " with Moscow , official Iraqi newspapers said on Thursday .	S-MISC O B-PER E-PER O O O S-MISC O B-PER E-PER O S-LOC O O O O O O O O O S-LOC O O S-MISC O O O O O
" President Saddam Hussein stressed during the meeting Iraq 's keenness to maintain friendship and cooperation with Russia , " the papers said .	O O B-PER E-PER O O O O S-LOC O O O O O O O O S-LOC O O O O O O
They said Zhirinovsky told Saddam before he left Baghdad on Wednesday that his Liberal Democratic party and the Russian Duma ( parliament ) " are calling for an immediate lifting of the embargo " imposed on Iraq after its 1990 invasion of Kuwait .	O O S-PER O S-PER O O O S-LOC O O O O B-ORG I-ORG E-ORG O O S-MISC S-ORG O O O O O O O O O O O O O O O O S-LOC O O O O O S-LOC O
Zhirinovsky said on Tuesday he would press the Russian government to help end U.N. trade sanctions on Iraq and blamed Moscow for delaying establishment of good ties with Baghdad .	S-PER O O O O O O O S-MISC O O O O S-ORG O O O S-LOC O O S-LOC O O O O O O O S-LOC O
" Our stand is firm , namely we are calling on ( the Russian ) government to end the economic embargo on Iraq and resume trade ties between Russia and Iraq , " he told reporters .	O O O O O O O O O O O O O S-MISC O O O O O O O O S-LOC O O O O O S-LOC O S-LOC O O O O O O
Zhirinovsky visited Iraq twice in 1995 .	S-PER O S-LOC O O O O
Last October he was invited to attend the referendum held on Iraq 's presidency , which extended Saddam 's term for seven more years .	O O O O O O O O O O O S-LOC O O O O O S-PER O O O O O O O
-DOCSTART-	O
PRESS DIGEST - Iraq - Aug 22 .	O O O S-LOC O O O O
BAGHDAD 1996-08-22	S-LOC O
These are some of the leading stories in the official Iraqi press on Thursday .	O O O O O O O O O O S-MISC O O O O
Reuters has not verified these stories and does not vouch for their accuracy .	S-ORG O O O O O O O O O O O O O
THAWRA	S-ORG
- Iraq 's President Saddam Hussein meets with chairman of the Russian liberal democratic party Vladimir Zhirinovsky .	O S-LOC O O B-PER E-PER O O O O O S-MISC O O O B-PER E-PER O
- Turkish foreign minister says Turkey will take part in the Baghdad trade fair that will be held in November .	O S-MISC O O O S-LOC O O O O O S-LOC O O O O O O O O O
IRAQ	S-LOC
- A shipload of 12 tonnes of rice arrives in Umm Qasr port in the Gulf .	O O O O O O O O O O B-LOC E-LOC O O O S-LOC O
-DOCSTART-	O
PRESS DIGEST - Lebanon - Aug 22 .	O O O S-LOC O O O O
BEIRUT 1996-08-22	S-LOC O
These are the leading stories in the Beirut press on Thursday .	O O O O O O O S-LOC O O O O
Reuters has not verified these stories and does not vouch for their accuracy .	S-ORG O O O O O O O O O O O O O
AN-NAHAR	S-ORG
- Confrontation is escalating between Hizbollah and the government .	O O O O O S-ORG O O O O
- Prime Minister Hariri : Israeli threats do no serve peace .	O O O S-PER O S-MISC O O O O O O
AS-SAFIR	S-ORG
- Parliament Speaker Berri : Israel is preparing for war against Syria and Lebanon .	O O O S-PER O S-LOC O O O O O S-LOC O S-LOC O
- Parliamentary battle in Beirut ..	O O O O S-LOC O
The three main lists have been prepared .	O O O O O O O O
AL-ANWAR	S-ORG
- Continued criticism of law violation incidents -- which occurred in the Mount Lebanon elections last Sunday .	O O O O O O O O O O O O B-LOC E-LOC O O O O
AD-DIYAR	S-ORG
- Financial negotiations between Lebanon and Pakistan .	O O O O S-LOC O S-LOC O
- Hariri to step into the election battle with an incomplete list .	O S-PER O O O O O O O O O O O
NIDA'A AL-WATAN	B-ORG E-ORG
- Maronite Patriarch Sfeir expressed sorrow over the violations in Sunday ' elections .	O S-ORG O S-PER O O O O O O O O O O
-DOCSTART-	O
CME live and feeder cattle calls range mixed .	S-ORG O O O O O O O O
CHICAGO 1996-08-22	S-LOC O
Early calls on CME live and feeder cattle futures ranged from 0.200 cent higher to 0.100 lower , livestock analysts said .	O O O S-ORG O O O O O O O O O O O O O O O O O O
The continued strong tone to cash cattle and beef markets should prompt further support .	O O O O O O O O O O O O O O O
Outlook for a bullish cattle-on-feed report is also expected to lend support and prompt some bull spreading , analysts said .	O O O O O O O O O O O O O O O O O O O O O
However , trade will likely be light and prices could drift on evening up ahead of the report .	O O O O O O O O O O O O O O O O O O O
Cash markets are also expected to be quiet after the record amount of feedlot cattle traded this week , they said .	O O O O O O O O O O O O O O O O O O O O O O
-DOCSTART-	O
Kindercare says debt buy to hit Q1 results .	O O O O O O O O O
MONTGOMERY , Ala .	S-LOC O S-LOC O
1996-08-22	O
KinderCare Learning Centers Inc said on Thursday that a debt buyback would mean an extraordinary loss of $ 1.2 million in its fiscal 1997 first quarter .	B-ORG I-ORG I-ORG E-ORG O O O O O O O O O O O O O O O O O O O O O O O
The company said that during the quarter , which began June 1 , it bought $ 30 million par value of its outstanding 10-3/8 percent senior notes due 2001 .	O O O O O O O O O O O O O O O O O O O O O O O O O O O O O O
The notes were bought for $ 31.5 million .	O O O O O O O O O
Philip Maslowe , chief financial officer of the preschool and child care company , said the buyback " offered an opportunity to reduce the company 's weighted average interest costs and improve future cash flows and earnings . "	B-PER E-PER O O O O O O O O O O O O O O O O O O O O O O O O O O O O O O O O O O O O O
-DOCSTART-	O
RESEARCH ALERT - Lehman starts SNET .	O O O S-ORG O S-ORG O
-- Lehman analyst Blake Bath started Southern New England Telecommunciations Corp with an outperform rating , his office said .	O S-ORG O B-PER E-PER O B-ORG I-ORG I-ORG I-ORG E-ORG O O O O O O O O O
-- The analyst set a 12-month price target of $ 45 and a fiscal 1996 year earnings estimate of $ 3.09 per share , his office said .	O O O O O O O O O O O O O O O O O O O O O O O O O O O O
-- The analyst also set an earnings estimate for the 1997 year , but the figure was not immediately available .	O O O O O O O O O O O O O O O O O O O O O
-- Southern New England closed at 38-1/2 Wednesday .	O B-ORG I-ORG E-ORG O O O O O
-- E. Auchard , Wall Street bureau , 212-859-1736	O B-PER E-PER O B-ORG I-ORG E-ORG O O
-DOCSTART-	O
Gateway Data Sciences Q2 net rises .	B-ORG I-ORG E-ORG O O O O
PHOENIX 1996-08-22	S-LOC O
Summary of Consolidated Financial Data	O O B-ORG I-ORG E-ORG
( In Thousands , except per share data )	O O O O O O O O O
Six Months Ended Quarter Ended	O O O O O
Jul 31 , Jul 31 , Jul 31 , Jul 31 ,	O O O O O O O O O O O O
1996 1995 1996 1995	O O O O
Income Statement Data :	O O O O
Total Revenue $ 10,756 $ 13,102 $ 7,961 $ 5,507	O O O O O O O O O O
Software Revenue 2,383 1,558 1,086 1,074	O O O O O O
Services Revenue 1,154 692 624 465	O O O O O O
Operating Income 906 962 599 515	O O O O O O
Net Income 821 512 565 301	O O O O O O
Earnings Per Share 0.31 0.34 0.19 0.20	O O O O O O O
Jul 31 , 1996 Jan 31 , 1996	O O O O O O O O
Balance Sheet Data :	O O O O
Working Capital $ 5,755 ( $ 881 )	O O O O O O O O
Cash and Cash Equivalents 2,386 93	O O O O O O
Total Assets 14,196 7,138	O O O O
Shareholders ' Equity 5,951 ( 1,461 )	O O O O O O O
-DOCSTART-	O
Greek socialists give PM green light for election .	S-MISC O O O O O O O O
ATHENS 1996-08-22	S-LOC O
The Greek socialist party 's executive bureau gave Prime Minister Costas Simitis its backing if he chooses to call snap elections , its general secretary Costas Skandalidis told reporters on Thursday .	O S-MISC O O O O O O O O B-PER E-PER O O O O O O O O O O O O O B-PER E-PER O O O O O
Prime Minister Costas Simitis will make an official announcement after a cabinet meeting later on Thursday , said Skandalidis .	O O B-PER E-PER O O O O O O O O O O O O O O S-PER O
-- Dimitris Kontogiannis , Athens Newsroom +301 3311812-4	O B-PER E-PER O B-ORG E-ORG O O
-DOCSTART-	O
PRESS DIGEST - France - Le Monde Aug 22 .	O O O S-LOC O B-ORG E-ORG O O O
PARIS 1996-08-22	S-LOC O
These are leading stories in Thursday 's afternoon daily Le Monde , dated Aug 23 .	O O O O O O O O O B-ORG E-ORG O O O O O
FRONT PAGE	O O
-- Africans seeking to renew or obtain work and residence rights say Prime Minister Alain Juppe 's proposals are insufficient as hunger strike enters 49th day in Paris church and Wednesday rally attracts 8,000 sympathisers .	O S-MISC O O O O O O O O O O O O B-PER E-PER O O O O O O O O O O O S-LOC O O O O O O O O
-- FLNC Corsican nationalist movement announces end of truce after last night 's attacks .	O S-ORG S-MISC O O O O O O O O O O O O
BUSINESS PAGES	O O
-- Shutdown of Bally 's French factories points up shoe industry crisis , with French manufacturers undercut by low-wage country competition and failure to keep abreast of trends .	O O O S-ORG O S-MISC O O O O O O O O S-MISC O O O O O O O O O O O O O O
-- Secretary general of the Sud-PTT trade union at France Telecom all the elements are in place for social unrest in the next few weeks .	O O O O O S-MISC O O O B-ORG E-ORG O O O O O O O O O O O O O O O
-- Paris Newsroom +33 1 42 21 53 81	O B-ORG E-ORG O O O O O O
-DOCSTART-	O
Well repairs to lift Heidrun oil output - Statoil .	O O O O S-LOC O O O S-ORG O
OSLO 1996-08-22	S-LOC O
Three plugged water injection wells on the Heidrun oilfield off mid-Norway will be reopened over the next month , operator Den Norske Stats Oljeselskap AS ( Statoil ) said on Thursday .	O O O O O O O S-LOC O O S-MISC O O O O O O O O O B-ORG I-ORG I-ORG I-ORG E-ORG O S-ORG O O O O O
The plugged wells have accounted for a dip of 30,000 barrels per day ( bpd ) in Heidrun output to roughly 220,000 bpd , according to the company 's Status Weekly newsletter .	O O O O O O O O O O O O O O O O O S-LOC O O O O O O O O O O O B-ORG E-ORG O O
The wells will be reperforated and gravel will be pumped into the reservoir through one of the wells to avoid plugging problems in the future , it said .	O O O O O O O O O O O O O O O O O O O O O O O O O O O O O
-- Oslo newsroom +47 22 42 50 41	O S-LOC O O O O O O
-DOCSTART-	O
Finnish April trade surplus 3.8 billion markka - NCB .	S-MISC O O O O O O O S-ORG O
HELSINKI 1996-08-22	S-LOC O
Finland 's trade surplus rose to 3.83 billion markka in April from 3.43 billion in March , the National Customs Board ( NCB ) said in a statement on Thursday .	S-LOC O O O O O O O O O O O O O O O O O B-ORG I-ORG E-ORG O S-ORG O O O O O O O O
The value of exports fell one percent year-on-year in April and the value of imports fell two percent , NCB said .	O O O O O O O O O O O O O O O O O O O S-ORG O O
Trade balance ( million markka ) :	O O O O O O O
April ' 96 March ' 96 Jan-April ' 96 Jan-April ' 95	O O O O O O O O O O O O
Imports 10,663 10,725 43,430 40,989	O O O O O
Exports 14,494 14,153 56,126 56,261	O O O O O
Balance +3,831 +3,428 +12,696 +15,272	O O O O O
The January-April 1995 import figure was revised from 39,584 million markka and the export figure from 55,627 million markka .	O O O O O O O O O O O O O O O O O O O O
The Bank of Finland earlier estimated the April trade surplus at 3.2 billion markka with exports projected at 14.5 billion and imports at 11.3 billion .	O B-ORG I-ORG E-ORG O O O O O O O O O O O O O O O O O O O O O O
The NCB 's official monthly trade statistics are lagging behind due to changes in customs procedures when Finland joined the European Union at the start of 1995 .	O S-ORG O O O O O O O O O O O O O O O S-LOC O O B-ORG E-ORG O O O O O O
-- Helsinki Newsroom +358 - 0 - 680 50 245	O B-ORG E-ORG O O O O O O O
-DOCSTART-	O
Dutch state raises tap sale price to 99.95 .	S-MISC O O O O O O O O
AMSTERDAM 1996-08-22	S-LOC O
The Finance Ministry raised the price for tap sales of the Dutch government 's new 5.75 percent bond due September 2002 to 99.95 from 99.90 .	O B-ORG E-ORG O O O O O O O O S-MISC O O O O O O O O O O O O O O
Tap sales began on Monday and are being held daily from 07.00 GMT to 15.00 GMT until further notice .	O O O O O O O O O O O O S-MISC O O S-MISC O O O O
The ministry had raised 2.3 billion guilders from sales of the new bond by the close of trade on Wednesday .	O O O O O O O O O O O O O O O O O O O O O
-- Amsterdam newsroom +31 20 504 5000	O S-LOC O O O O O
-DOCSTART-	O
German farm ministry tells consumers to avoid British mutton .	S-MISC O O O O O O S-MISC O O
BONN 1996-08-22	S-LOC O
Germany 's Agriculture Ministry suggested on Wednesday that consumers avoid eating meat from British sheep until scientists determine whether mad cow disease can be transmitted to the animals .	S-LOC O B-ORG E-ORG O O O O O O O O O S-MISC O O O O O O O O O O O O O O O
" Until this is cleared up by the European Union 's scientific panels -- and we have asked this to be done as quickly as possible -- ( consumers ) should if at all possible give preference to sheepmeat from other countries , " ministry official Werner Zwingmann told ZDF television .	O O O O O O O O B-ORG E-ORG O O O O O O O O O O O O O O O O O O O O O O O O O O O O O O O O O O O O B-PER E-PER O S-ORG O O
" I do not want to say that there is a concrete danger for consumers , " he added . "	O O O O O O O O O O O O O O O O O O O O O
There are too many holes in what we know , and these must be filled very quickly . "	O O O O O O O O O O O O O O O O O O O
Bonn has led efforts to ensure consumer protection tops the list of priorities in dealing with the mad cow crisis , which erupted in March when Britain acknowledged humans could contract a similar illness by eating contaminated beef .	S-LOC O O O O O O O O O O O O O O O O O O O O O O O O O S-LOC O O O O O O O O O O O O
The European Commission agreed this month to rethink a proposal to ban the use of suspect sheep tissue after some EU veterinary experts questioned whether it was justified .	O B-ORG E-ORG O O O O O O O O O O O O O O O O O S-ORG O O O O O O O O
EU Farm Commissioner Franz Fischler had proposed banning sheep brains , spleens and spinal cords from the human and animal food chains after reports from Britain and France that under laboratory conditions sheep could contract Bovine Spongiform Encephalopathy ( BSE ) -- mad cow disease .	S-ORG O O B-PER E-PER O O O O O O O O O O O O O O O O O O O O S-LOC O S-LOC O O O O O O O B-MISC I-MISC E-MISC O S-MISC O O O O O O
But some members of the EU 's standing veterinary committee questioned whether the action was necessary given the slight risk to human health .	O O O O O S-ORG O O O O O O O O O O O O O O O O O O
The question is being studied separately by two EU scientific committees .	O O O O O O O O S-ORG O O O
Sheep have long been known to contract scrapie , a similar brain-wasting disease to BSE which is believed to have been transferred to cattle through feed containing animal waste .	O O O O O O O O O O O O O O S-MISC O O O O O O O O O O O O O O O
British officials say sheep meat is perfectly safe to eat .	S-MISC O O O O O O O O O O
ZDF said Germany imported 47,600 sheep from Britain last year , nearly half of total imports .	S-ORG O S-LOC O O O O S-LOC O O O O O O O O O
It brought in 4,275 tonnes of British mutton , some 10 percent of overall imports .	O O O O O O S-MISC O O O O O O O O O
After the British government admitted a possible link between mad cow disease and its fatal human equivalent , the EU imposed a worldwide ban on British beef exports .	O O S-MISC O O O O O O O O O O O O O O O O S-ORG O O O O O S-MISC O O O
EU leaders agreed at a summit in June to a progressive lifting of the ban as Britain takes parallel measures to eradicate the disease .	S-ORG O O O O O O O O O O O O O O O S-LOC O O O O O O O O
-DOCSTART-	O
GOLF - SCORES AT WORLD SERIES OF GOLF .	O O O O B-MISC I-MISC I-MISC E-MISC O
AKRON , Ohio 1996-08-22	S-LOC O S-LOC O
Scores from the $ 2.1	O O O O O
million NEC World Series of Golf after the first round	O B-MISC I-MISC I-MISC I-MISC E-MISC O O O O
Thursday at the 7,149 yard , par 70 Firestone C.C course	O O O O O O O O B-LOC E-LOC O
( players U.S. unless stated ) :	O O S-LOC O O O O
66 Paul Goydos , Billy Mayfair , Hidemichi Tanaka ( Japan )	O B-PER E-PER O B-PER E-PER O B-PER E-PER O S-LOC O
68 Steve Stricker	O B-PER E-PER
69 Justin Leonard , Mark Brooks	O B-PER E-PER O B-PER E-PER
70 Tim Herron , Duffy Waldorf , Davis Love , Anders Forsbrand	O B-PER E-PER O B-PER E-PER O B-PER E-PER O B-PER E-PER
( Sweden ) , Nick Faldo ( Britain ) , John Cook , Steve Jones , Phil	O S-LOC O O B-PER E-PER O S-LOC O O B-PER E-PER O B-PER E-PER O S-PER
Mickelson , Greg Norman ( Australia )	S-PER O B-PER E-PER O S-LOC O
71 Ernie Els ( South Africa ) , Scott Hoch	O B-PER E-PER O B-LOC E-LOC O O B-PER E-PER
72 Clarence Rose , Loren Roberts , Fred Funk , Sven Struver	O B-PER E-PER O B-PER E-PER O B-PER E-PER O B-PER E-PER
( Germany ) , Alexander Cejka ( Germany ) , Hal Sutton , Tom Lehman	O S-LOC O O B-PER E-PER O S-LOC O O B-PER E-PER O B-PER E-PER
73 D.A. Weibring , Brad Bryant , Craig Parry ( Australia ) ,	O B-PER E-PER O B-PER E-PER O B-PER E-PER O S-LOC O O
Stewart Ginn ( Australia ) , Corey Pavin , Craig Stadler , Mark	B-PER E-PER O S-LOC O O B-PER E-PER O B-PER E-PER O S-PER
O'Meara , Fred Couples	S-PER O B-PER E-PER
74 Paul Stankowski , Costantino Rocca ( Italy )	O B-PER E-PER O B-PER E-PER O S-LOC O
75 Jim Furyk , Satoshi Higashi ( Japan ) , Willie Wood , Shigeki	O B-PER E-PER O B-PER E-PER O S-LOC O O B-PER E-PER O S-PER
Maruyama ( Japan )	S-PER O S-LOC O
76 Scott McCarron	O B-PER E-PER
77 Wayne Westner ( South Africa ) , Steve Schneiter	O B-PER E-PER O B-LOC E-LOC O O B-PER E-PER
79 Tom Watson	O B-PER E-PER
81 Seiki Okuda ( Japan )	O B-PER E-PER O S-LOC O
-DOCSTART-	O
SOCCER - GLORIA BISTRITA BEAT 2-1 F.C. VALLETTA .	O O B-ORG E-ORG O O B-ORG E-ORG O
BISTRITA 1996-08-22	S-LOC O
Gloria Bistrita ( Romania ) beat 2-1 ( halftime 1-1 ) F.C. Valletta ( Malta ) in their Cup winners Cup match , second leg of the preliminary round , on Thursday .	B-ORG E-ORG O S-LOC O O O O O O O B-ORG E-ORG O S-LOC O O O B-MISC I-MISC E-MISC O O O O O O O O O O O O
Scorers :	O O
Gloria Bistrita - Ilie Lazar ( 32nd ) , Eugen Voica ( 84th )	B-ORG E-ORG O B-PER E-PER O O O O B-PER E-PER O O O
F.C. La Valletta - Gilbert Agius ( 24th )	B-ORG I-ORG E-ORG O B-PER E-PER O O O
Attendance : 8,000	O O O
Gloria Bistrita won 4-2 on aggregate and qualified for the first round of the Cup winners Cup .	B-ORG E-ORG O O O O O O O O O O O O B-MISC I-MISC E-MISC O
REUTER	S-PER
-DOCSTART-	O
HORSE RACING - PIVOTAL ENDS 25-YEAR WAIT FOR TRAINER PRESCOTT .	O O O S-PER O O O O O S-PER O
YORK , England 1996-08-22	S-LOC O S-LOC O
Sir Mark Prescott landed his first group one victory in 25 years as a trainer when his top sprinter Pivotal , a 100-30 chance , won the Nunthorpe Stakes on Thursday .	O B-PER E-PER O O O O O O O O O O O O O O O O S-PER O O O O O O O B-MISC E-MISC O O O
The three-year-old , partnered by veteran George Duffield , snatched a short head verdict in the last stride to deny Eveningperformance ( 16-1 ) , trained by Henry Candy and ridden by Chris Rutter .	O O O O O O B-PER E-PER O O O O O O O O O O O O S-PER O O O O O O B-PER E-PER O O O B-PER E-PER O
Hever Golf Rose ( 11-4 ) , last year 's Prix de l ' Abbaye winner at Longchamp , finished third , a further one and a quarter lengths away with the 7-4 favourite Mind Games in fourth .	B-PER I-PER E-PER O O O O O O O B-MISC I-MISC I-MISC I-MISC E-MISC O O S-LOC O O O O O O O O O O O O O O O O B-PER E-PER O O O
Pivotal , a Royal Ascot winner in June , may now be aimed at this season 's Abbaye , Europe 's top sprint race .	S-PER O O B-PER E-PER O O O O O O O O O O O O S-MISC O S-LOC O O O O O
Prescott , reluctant to go into the winner 's enclosure until the result of the photo-finish was announced , said : " Twenty-five years and I have never been there so I thought I had better wait a bit longer . "	S-PER O O O O O O O O O O O O O O O O O O O O O O O O O O O O O O O O O O O O O O O O O
He added : " It 's very sad to beat Henry Candy because I am godfather to his daughter . "	O O O O O O O O O O B-PER E-PER O O O O O O O O O
Like Prescott , Jack Berry , trainer of Mind Games , had gone into Thursday 's race in search of a first group one success after many years around the top of his profession .	O S-PER O B-PER E-PER O O O B-PER E-PER O O O O O O O O O O O O O O O O O O O O O O O O O
Berry said : " I`m disappointed but I do n't feel suicidal .	S-PER O O O O O O O O O O O O
He ( Mind Games ) was going as well as any of them one and a half furlongs ( 300 metres ) out but he just did n't quicken . "	O O B-PER E-PER O O O O O O O O O O O O O O O O O O O O O O O O O O O
-DOCSTART-	O
HORSE RACING - NUNTHORPE STAKES RESULTS .	O O O O O O O
YORK , England 1996-08-22	S-LOC O S-LOC O
Result of the Nunthorpe Stakes , a group one race for two-year-olds and upwards , run over five furlongs ( 1 km ) on Thursday :	O O O B-MISC E-MISC O O O O O O O O O O O O O O O O O O O O O
1. Pivotal 100-30 ( ridden by George Duffield )	O S-PER O O O O B-PER E-PER O
2. Eveningperformance 16-1 ( Chris Rutter )	O S-PER O O B-PER E-PER O
3. Hever Golf Rose 11-4 ( Jason Weaver )	O B-PER I-PER E-PER O O B-PER E-PER O
Eight ran .	O O O
Favourite : Mind Games ( 7-4 ) finished 4th	O O B-PER E-PER O O O O O
Distances : a short head , 1-1/4 lengths .	O O O O O O O O O
Winner owned by the Cheveley Park Stud and trained by Sir	O O O O B-ORG I-ORG E-ORG O O O O
Mark Prescott at Newmarket .	B-PER E-PER O S-LOC O
Value to winner : 72,464 pounds sterling ( $ 112,200 )	O O O O O O O O O O O
-DOCSTART-	O
TENNIS - RESULTS AT TOSHIBA CLASSIC .	O O O O B-MISC E-MISC O
CARLSBAD , California 1996-08-21	S-LOC O S-LOC O
Results from the	O O O
$ 450,000 Toshiba Classic tennis tournament on Wednesday	O O B-MISC E-MISC O O O O
( prefix number denotes seeding ) :	O O O O O O O
Second round	O O
1 - Arantxa Sanchez Vicario ( Spain ) beat Naoko Kijimuta ( Japan )	O O B-PER I-PER E-PER O S-LOC O O B-PER E-PER O S-LOC O
1-6 6-4 6-3	O O O
4 - Kimiko Date ( Japan ) beat Yone Kamio ( Japan ) 6-2 7-5	O O B-PER E-PER O S-LOC O O B-PER E-PER O S-LOC O O O
Sandrine Testud ( France ) beat 7 - Ai Sugiyama ( Japan ) 6-3 4-6	B-PER E-PER O S-LOC O O O O B-PER E-PER O S-LOC O O O
6-4	O
8 - Nathalie Tauziat ( France ) beat Shi-Ting Wang ( Taiwan ) 6-4	O O B-PER E-PER O S-LOC O O B-PER E-PER O S-LOC O O
6-2	O
-DOCSTART-	O
TENNIS - RESULTS AT HAMLET CUP .	O O O O B-MISC E-MISC O
COMMACK , New York 1996-08-21	S-LOC O B-LOC E-LOC O
Results from the	O O O
Waldbaum Hamlet Cup tennis tournament on Wednesday ( prefix	B-MISC I-MISC E-MISC O O O O O O
number denotes seeding ) :	O O O O O
Second round	O O
1 - Michael Chang ( U.S. ) beat Sergi Bruguera ( Spain ) 6-3 6-2	O O B-PER E-PER O S-LOC O O B-PER E-PER O S-LOC O O O
Michael Joyce ( U.S. ) beat 3 - Richey Reneberg ( U.S. ) 3-6 6-4	B-PER E-PER O S-LOC O O O O B-PER E-PER O S-LOC O O O
6-3	O
Martin Damm ( Czech Republic ) beat 6 - Younes El Aynaoui	B-PER E-PER O B-LOC E-LOC O O O O B-PER I-PER E-PER
( Morocco ) 5-7 6-3 3-0 retired	O S-LOC O O O O O
Karol Kucera ( Slovakia ) beat Hicham Arazi ( Morocco ) 7-6 ( 7-4 )	B-PER E-PER O S-LOC O O B-PER E-PER O S-LOC O O O O O
7-5	O
-DOCSTART-	O
SOCCER - DALGLISH SAD OVER BLACKBURN PARTING .	O O S-PER O O S-ORG O O
LONDON 1996-08-22	S-LOC O
Kenny Dalglish spoke on Thursday of his sadness at leaving Blackburn , the club he led to the English premier league title in 1994-95 .	B-PER E-PER O O O O O O O O S-ORG O O O O O O O S-MISC O O O O O O
Blackburn announced on Wednesday they and Dalglish had parted by mutual consent .	S-ORG O O O O O S-PER O O O O O O
But the ex-manager confessed on Thursday to being " sad " at leaving after taking Blackburn from the second division to the premier league title inside three and a half years .	O O O O O O O O O O O O O O O S-ORG O O O O O O O O O O O O O O O O
In a telephone call to a local newspaper from his holiday home in Spain , Dalglish said : " We came to the same opinion , albeit the club came to it a little bit earlier than me . "	O O O O O O O O O O O O O S-LOC O S-PER O O O O O O O O O O O O O O O O O O O O O O O O
He added : " If no one asked , I never opened my mouth .	O O O O O O O O O O O O O O O
I have stayed out of the way and let them get on with the job .	O O O O O O O O O O O O O O O O
The club thought it ( the job ) had run its course and I came to the same conclusion . "	O O O O O O O O O O O O O O O O O O O O O
Dalglish had been with Blackburn for nearly five years , first as manager and then , for the past 15 months , as director of football .	S-PER O O O S-ORG O O O O O O O O O O O O O O O O O O O O O O
-DOCSTART-	O
CRICKET - ENGLISH COUNTY CHAMPIONSHIP SCORES .	O O B-MISC I-MISC E-MISC O O
LONDON 1996-08-22	S-LOC O
Close of play scores in four-day	O O O O O O
English County Championship cricket matches on Thursday :	S-MISC B-MISC E-MISC O O O O O
Second day	O O
At Weston-super-Mare : Durham 326 ( D. Cox 95 not out ,	O S-LOC O S-ORG O O B-PER E-PER O O O O
S. Campbell 69 ; G. Rose 7-73 ) .	B-PER E-PER O O B-PER E-PER O O O
Somerset 236-4 ( M. Lathwell 85 ) .	S-ORG O O B-PER E-PER O O O
Firsy day	O O
At Colchester : Gloucestershire 280 ( J. Russell 63 , A. Symonds	O S-LOC O S-ORG O O B-PER E-PER O O B-PER E-PER
52 ; A. Cowan 5-68 ) .	O O B-PER E-PER O O O
Essex 72-0 .	S-ORG O O
At Cardiff : Kent 128-1 ( M. Walker 59 , D. Fulton 53 not out ) v	O S-LOC O S-ORG O O B-PER E-PER O O B-PER E-PER O O O O O
Glamorgan .	S-ORG O
At Leicester : Leicestershire 343-8 ( P. Simmons 108 , P. Nixon	O S-LOC O S-ORG O O B-PER E-PER O O B-PER E-PER
67 not out ) v Hampshire .	O O O O O S-ORG O
At Northampton : Sussex 368-7 ( N. Lenham 145 , V. Drakes 59 not	O S-LOC O S-ORG O O B-PER E-PER O O B-PER E-PER O O
out , A. Wells 51 ) v Northamptonshire .	O O B-PER E-PER O O O S-ORG O
At Trent Bridge : Nottinghamshire 392-6 ( G. Archer 143 not	O B-LOC E-LOC O S-ORG O O B-PER E-PER O O
out , M. Dowman 107 ) v Surrey .	O O B-PER E-PER O O O S-ORG O
At Worcester : Warwickshire 255-9 ( A. Giles 57 not out , W. Khan	O S-LOC O S-ORG O O B-PER E-PER O O O O B-PER E-PER
52 ) v Worcestershire .	O O O S-ORG O
At Headingley : Yorkshire 305-5 ( C. White 66 not out , M. Moxon	O S-LOC O S-ORG O O B-PER E-PER O O O O B-PER E-PER
66 , M. Vaughan 57 ) v Lancashire .	O O B-PER E-PER O O O S-ORG O
-DOCSTART-	O
CRICKET - ENGLAND V PAKISTAN FINAL TEST SCOREBOARD .	O O S-LOC O S-LOC O O O O
LONDON 1996-08-22	S-LOC O
Scoreboard on the first day of the	O O O O O O O
third and final test between England and Pakistan at The Oval on	O O O O O S-LOC O S-LOC O B-LOC E-LOC O
Thursday :	O O
England first innings	S-LOC O O
M. Atherton b Waqar Younis 31	B-PER E-PER O B-PER E-PER O
A. Stewart b Mushtaq Ahmed 44	B-PER E-PER O B-PER E-PER O
N. Hussain c Saeed Anwar b Waqar Younis 12	B-PER E-PER O B-PER E-PER O B-PER E-PER O
G. Thorpe lbw b Mohammad Akram 54	B-PER E-PER O O B-PER E-PER O
J. Crawley not out 94	B-PER E-PER O O O
N. Knight b Mushtaq Ahmed 17	B-PER E-PER O B-PER E-PER O
C. Lewis b Wasim Akram 5	B-PER E-PER O B-PER E-PER O
I. Salisbury not out 1	B-PER E-PER O O O
Extras ( lb-11 w-1 nb-8 ) 20	O O O O O O O
Total ( for six wickets ) 278	O O O O O O O
Fall of wickets : 1-64 2-85 3-116 4-205 5-248 6-273	O O O O O O O O O O
To bat : R. Croft , D. Cork , A. Mullally	O O O B-PER E-PER O B-PER E-PER O B-PER E-PER
Bowling ( to date ) : Wasim Akram 25-8-61-1 , Waqar Younis	O O O O O O B-PER E-PER O O B-PER E-PER
20-6-70-2 , Mohammad Akram 12-1-41-1 , Mushtaq Ahmed 27-5-78-2 ,	O O B-PER E-PER O O B-PER E-PER O O
Aamir Sohail 6-1-17-0	B-PER E-PER O
Pakistan : Aamir Sohail , Saeed Anwar , Ijaz Ahmed ,	S-LOC O B-PER E-PER O B-PER E-PER O B-PER E-PER O
Inzamam-ul-Haq , Salim Malik , Asif Mujtaba , Wasim Akram , Moin	S-PER O B-PER E-PER O B-PER E-PER O B-PER E-PER O S-PER
Khan , Mushtaq Ahmed , Waqar Younis , Mohammad Akam	S-PER O B-PER E-PER O B-PER E-PER O B-PER E-PER
-DOCSTART-	O
SOCCER - FERGUSON BACK IN SCOTTISH SQUAD AFTER 20 MONTHS .	O O S-PER O O S-MISC O O O O O
GLASGOW 1996-08-22	S-LOC O
Everton 's Duncan Ferguson , who scored twice against Manchester United on Wednesday , was picked on Thursday for the Scottish squad after a 20-month exile .	S-ORG O B-PER E-PER O O O O O B-ORG E-ORG O O O O O O O O O S-MISC O O O O O O
Glasgow Rangers striker Ally McCoist , another man in form after two hat-tricks in four days , was also named for the August 31 World Cup qualifier against Austria in Vienna .	B-ORG E-ORG O B-PER E-PER O O O O O O O O O O O O O O O O O O O B-MISC E-MISC O O S-LOC O S-LOC O
Ferguson , who served six weeks in jail in late 1995 for head-butting an opponent , won the last of his five Scotland caps in December 1994 .	S-PER O O O O O O O O O O O O O O O O O O O O O S-LOC O O O O O
Scotland manager Craig Brown said on Thursday : " I 've watched Duncan Ferguson in action twice recently and he 's bang in form .	S-LOC O B-PER E-PER O O O O O O O O B-PER E-PER O O O O O O O O O O O
Ally McCoist is also in great scoring form at the moment . "	B-PER E-PER O O O O O O O O O O O
Celtic 's Jackie McNamara , who did well with last season 's successful under-21 team , earns a call-up to the senior squad .	S-ORG O B-PER E-PER O O O O O O O O O O O O O O O O O O O O
-DOCSTART-	O
CRICKET - ENGLAND 100-2 AT LUNCH ON FIRST DAY OF THIRD TEST .	O O S-LOC O O O O O O O O O O
LONDON 1996-08-22	S-LOC O
England were 100 for two at lunch on the first day of the third and final test against Pakistan at The Oval on Thursday .	S-LOC O O O O O O O O O O O O O O O O O S-LOC O B-LOC E-LOC O O O
-DOCSTART-	O
SOCCER - KEANE SIGNS FOUR-YEAR CONTRACT WITH MANCHESTER UNITED .	O O S-PER O O O O B-LOC E-LOC O
LONDON 1996-08-22	S-LOC O
Ireland midfielder Roy Keane has signed a new four-year contract with English league and F.A. Cup champions Manchester United .	S-LOC O B-PER E-PER O O O O O O O S-MISC O O B-MISC E-MISC O B-ORG E-ORG O
" Roy agreed a new deal before last night 's game against Everton and we are delighted , " said United manager Alex Ferguson on Thursday .	O S-PER O O O O O O O O O O S-ORG O O O O O O O S-ORG O B-PER E-PER O O O
-DOCSTART-	O
TENNIS - RESULTS AT CANADIAN OPEN .	O O O O B-MISC E-MISC O
TORONTO 1996-08-21	S-LOC O
Results from the Canadian Open	O O O B-MISC E-MISC
tennis tournament on Wednesday ( prefix number denotes	O O O O O O O O
seeding ) :	O O O
Second round	O O
Daniel Nestor ( Canada ) beat 1 - Thomas Muster ( Austria ) 6-3 7-5	B-PER E-PER O S-LOC O O O O B-PER E-PER O S-LOC O O O
Mikael Tillstrom ( Sweden ) beat 2 - Goran Ivanisevic ( Croatia )	B-PER E-PER O S-LOC O O O O B-PER E-PER O S-LOC O
6-7 ( 3-7 ) 6-4 6-4	O O O O O O
3 - Wayne Ferreira ( South Africa ) beat Jiri Novak ( Czech	O O B-PER E-PER O B-LOC E-LOC O O B-PER E-PER O S-LOC
Republic ) 7-5 6-3	S-LOC O O O
4 - Marcelo Rios ( Chile ) beat Kenneth Carlsen ( Denmark ) 6-3 6-2	O O B-PER E-PER O S-LOC O O B-PER E-PER O S-LOC O O O
6 - MaliVai Washington ( U.S. ) beat Alex Corretja ( Spain ) 6-4	O O B-PER E-PER O S-LOC O O B-PER E-PER O S-LOC O O
6-2	O
7 - Todd Martin ( U.S. ) beat Renzo Furlan ( Italy ) 7-6 ( 7-3 ) 6-3	O O B-PER E-PER O S-LOC O O B-PER E-PER O S-LOC O O O O O O
Mark Philippoussis ( Australia ) beat 8 - Marc Rosset	B-PER E-PER O S-LOC O O O O B-PER E-PER
( Switzerland ) 6-3 3-6 7-6 ( 8-6 )	O S-LOC O O O O O O O
9 - Cedric Pioline ( France ) beat Gregory Carraz ( France ) 7-6	O O B-PER E-PER O S-LOC O O B-PER E-PER O S-LOC O O
( 7-1 ) 6-4	O O O O
Patrick Rafter ( Australia ) beat 11 - Alberto Berasategui	B-PER E-PER O S-LOC O O O O B-PER E-PER
( Spain ) 6-1 6-2	O S-LOC O O O
Petr Korda ( Czech Republic ) beat 12 - Francisco Clavet ( Spain )	B-PER E-PER O B-LOC E-LOC O O O O B-PER E-PER O S-LOC O
6-3 6-4	O O
Daniel Vacek ( Czech Republic ) beat 13 - Jason Stoltenberg	B-PER E-PER O B-LOC E-LOC O O O O B-PER E-PER
( Australia ) 5-7 7-6 ( 7-1 ) 7-6 ( 13-11 )	O S-LOC O O O O O O O O O O
Todd Woodbridge ( Australia beat Sebastien Lareau ( Canada ) 6-3	B-PER E-PER O S-LOC O B-PER E-PER O S-LOC O O
1-6 6-3	O O
Alex O'Brien ( U.S. ) beat Byron Black ( Zimbabwe ) 7-6 ( 7-2 ) 6-2	B-PER E-PER O S-LOC O O B-PER E-PER O S-LOC O O O O O O
Bohdan Ulihrach ( Czech Republic ) beat Andrea Gaudenzi ( Italy )	B-PER E-PER O B-LOC E-LOC O O B-PER E-PER O S-LOC O
6-3 4-6 6-1	O O O
Tim Henman ( Britain ) beat Chris Woodruff ( U.S. ) , walkover	B-PER E-PER O S-LOC O O B-PER E-PER O S-LOC O O O
-DOCSTART-	O
CRICKET - MILLNS SIGNS FOR BOLAND .	O O S-PER O O S-ORG O
CAPE TOWN 1996-08-22	B-LOC E-LOC O
South African provincial side Boland said on Thursday they had signed Leicestershire fast bowler David Millns on a one year contract .	B-MISC E-MISC O O S-ORG O O O O O O S-ORG O O B-PER E-PER O O O O O O
Millns , who toured Australia with England A in 1992/93 , replaces former England all-rounder Phillip DeFreitas as Boland 's overseas professional .	S-MISC O O O S-LOC O S-LOC O O O O O O S-LOC O B-PER E-PER O S-ORG O O O O
-DOCSTART-	O
SOCCER - EUROPEAN CUP WINNERS ' CUP RESULTS .	O O B-MISC I-MISC I-MISC I-MISC E-MISC O O
TIRANA 1996-08-22	S-LOC O
Results of European Cup Winners '	O O B-MISC I-MISC I-MISC E-MISC
Cup qualifying round , second leg soccer matches on Thursday :	S-MISC O O O O O O O O O O
In Tirana : Flamurtari Vlore ( Albania ) 0 Chemlon Humenne	O S-LOC O B-ORG E-ORG O S-LOC O O B-ORG E-ORG
( Slovakia ) 2 ( halftime 0-0 )	O S-LOC O O O O O O
Scorers : Lubarskij ( 50th minute ) , Valkucak ( 54th )	O O S-PER O O O O O S-PER O O O
Attendance : 5,000	O O O
Chemlon Humenne win 3-0 on aggregate	B-ORG E-ORG O O O O
In Bistrita : Gloria Bistrita ( Romania ) 2 Valletta ( Malta ) 1	O S-LOC O B-ORG E-ORG O S-LOC O O S-LOC O S-LOC O O
( 1-1 )	O O O
Scorers :	O O
Gloria Bistrita - Ilie Lazar ( 32nd ) , Eugen Voica ( 84th )	B-ORG E-ORG O B-PER E-PER O O O O B-PER E-PER O O O
Valletta - Gilbert Agius ( 24th )	S-LOC O B-PER E-PER O O O
Attendance : 8,000	O O O
Gloria Bistrita win 4-2 on aggregate .	B-ORG E-ORG O O O O O
In Chorzow : Ruch Chorzow ( Poland ) 5 Llansantffraid ( Wales ) 0	O S-LOC O B-ORG E-ORG O S-LOC O O S-ORG O S-LOC O O
( 1-0 )	O O O
Scorers : Arkadiusz Bak ( 1st and 55th ) , Arwel Jones ( 47th ,	O O B-PER E-PER O O O O O O B-PER E-PER O O O
own goal ) , Miroslav Bak ( 62nd and 63rd )	O O O O B-PER E-PER O O O O O
Attendance : 6,500	O O O
Ruch Chorzow win 6-1 on aggregate	B-ORG E-ORG O O O O
In Larnaca : AEK Larnaca ( Cyprus ) 5 Kotaik Abovyan ( Armenia )	O S-LOC O B-ORG E-ORG O S-LOC O O B-ORG E-ORG O S-LOC O
0 ( 2-0 )	O O O O
Scorers : Zoran Kundic ( 28th ) , Klimis Alexandrou ( 41st ) ,	O O B-PER E-PER O O O O B-PER E-PER O O O O
Milenko Kovasevic ( 60th , penalty ) , Goran Koprinovic ( 82nd ) ,	B-PER E-PER O O O O O O B-PER E-PER O O O O
Pavlos Markou ( 84th )	B-PER E-PER O O O
Attendance : 5,000	O O O
AEK Larnaca win 5-1 on aggregate	B-ORG E-ORG O O O O
In Siauliai : Kareda Siauliai ( Lithuania ) 0 Sion	O S-LOC O B-ORG E-ORG O S-LOC O O S-ORG
( Switzerland ) 0	O S-LOC O O
Attendance : 5,000	O O O
Sion win 4-2 on agrregate .	S-ORG O O O O O
In Vinnytsya :	O S-LOC O
Nyva Vinnytsya ( Ukraine ) 1 Tallinna Sadam ( Estonia ) 0 ( 0-0 )	B-ORG E-ORG O S-LOC O O B-ORG E-ORG O S-LOC O O O O O
Attendance : 3,000	O O O
Aggregate score 2-2 .	O O O O
Nyva qualified on away goals rule .	S-ORG O O O O O O
In Bergen : Brann ( Norway ) 2 Shelbourne ( Ireland ) 1 ( 1-1 )	O S-LOC O S-ORG O S-LOC O O S-ORG O S-LOC O O O O O
Scorers :	O O
Brann - Mons Ivar Mjelde ( 10th ) , Jan Ove Pedersen ( 72nd )	S-ORG O B-PER I-PER E-PER O O O O B-PER I-PER E-PER O O O
Shelbourne - Mark Rutherford ( 5th )	S-ORG O B-PER E-PER O O O
Attendance : 2,189	O O O
Brann win 5-2 on aggregate	S-ORG O O O O
In Sofia : Levski Sofia ( Bulgaria ) 1 Olimpija ( Slovenia ) 0	O S-LOC O B-ORG E-ORG O S-LOC O O S-ORG O S-LOC O O
( 0-0 )	O O O
Scorer : Ilian Simeonov ( 58th )	O O B-PER E-PER O O O
Attendance : 25,000	O O O
Aggregate 1-1 .	O O O
Olimpija won 4-3 on penalties .	S-ORG O O O O O
In Vaduz : Vaduz ( Liechtenstein ) 1 RAF Riga ( Latvia ) 1 ( 0-0 )	O S-LOC O S-LOC O S-LOC O O B-ORG E-ORG O S-LOC O O O O O
Scorers :	O O
Vaduz - Daniele Polverino ( 90th )	S-LOC O B-PER E-PER O O O
RAF Riga - Agrins Zarins ( 47th )	B-ORG E-ORG O B-PER E-PER O O O
Aggregate 2-2 .	O O O
Vaduz won 4-2 on penalties .	S-LOC O O O O O
In Luxembourg : US Luxembourg ( Luxembourg ) 0 Varteks Varazdin	O S-LOC O B-ORG E-ORG O S-LOC O O B-ORG E-ORG
( Croatia ) 3 ( 0-0 )	O S-LOC O O O O O
Scorers : Drazen Beser ( 63rd ) , Miljenko Mumler ( penalty ,	O O B-PER E-PER O O O O B-PER E-PER O O O
78th ) , Jamir Cvetko ( 87th )	O O O B-PER E-PER O O O
Attendance : 800	O O O
Varteks Varazdin win 5-1 on aggregate .	B-ORG E-ORG O O O O O
In Torshavn : Havnar Boltfelag ( Faroe Islands ) 0 Dynamo	O S-LOC O B-ORG E-ORG O B-LOC E-LOC O O S-ORG
Batumi ( Georgia ) 3 ( 0-2 )	S-ORG O S-LOC O O O O O
Dynamo Batumi win 9-0 on aggregate .	B-ORG E-ORG O O O O O
In Prague : Sparta Prague ( Czech Republic ) 8 Glentoran	O S-LOC O B-ORG E-ORG O B-LOC E-LOC O O S-ORG
( Northern Ireland ) 0 ( 4-0 )	O B-LOC E-LOC O O O O O
Scorers : Petr Gunda ( 1st and 26th ) , Lumir Mistr ( 19th ) ,	O O B-PER E-PER O O O O O O B-PER E-PER O O O O
Horst Siegl ( 24th , 48th , 80th ) , Zdenek Svoboda ( 76th ) , Petr	B-PER E-PER O O O O O O O O B-PER E-PER O O O O S-PER
Gabriel ( 86th )	S-PER O O O
Sparta win 10-1 on aggregate .	S-ORG O O O O O
In Edinburgh : Hearts ( Scotland ) 1 Red Star Belgrade	O S-LOC O S-ORG O S-LOC O O B-ORG I-ORG E-ORG
( Yugoslavia ) 1 ( 1-0 )	O S-LOC O O O O O
Scorers :	O O
Hearts - Dave McPherson ( 44th )	S-ORG O B-PER E-PER O O O
Red Star - Vinko Marinovic ( 59th )	B-ORG E-ORG O B-MISC E-MISC O O O
Attendance : 15,062	O O O
Aggregate 1-1 .	O O O
Red Star win on away goals rule .	B-ORG E-ORG O O O O O O
In Rishon-Lezion : Hapoel Ironi ( Israel ) 3 Constructorul	O S-LOC O B-ORG E-ORG O S-LOC O O S-ORG
Chisinau ( Moldova ) 2 ( 2-1 )	S-ORG O S-LOC O O O O O
Aggregate 3-3 .	O O O
Constructorul win on away goals rule .	S-ORG O O O O O O
In Anjalonkoski : MyPa-47 ( Finland ) 1 Karabach Agdam	O S-MISC O S-ORG O S-LOC O O B-ORG E-ORG
( Azerbaijan ) 1 ( 0-0 )	O S-LOC O O O O O
Mypa-47 win 2-1 on aggregate .	S-ORG O O O O O
In Skopje : Sloga Jugomagnat ( Macedonia ) 0 Kispest Honved	O S-LOC O B-ORG E-ORG O S-LOC O O B-ORG E-ORG
( Hungary 1 ( 0-0 )	O S-LOC O O O O
Kispest Honved win 2-0 on aggregate .	B-ORG E-ORG O O O O O
Add Hapoel Ironi v Constructorul Chisinau	B-ORG I-ORG E-ORG O B-ORG E-ORG
Scorers :	O O
Rishon - Moshe Sabag ( 10th minute ) , Nissan Kapeta ( 26th ) ,	S-ORG O B-PER E-PER O O O O O B-PER E-PER O O O O
Tomas Cibola ( 58th ) .	B-PER E-PER O O O O
Constructorol - Sergei Rogachev ( 42nd ) , Gennadi Skidan	S-ORG O B-PER E-PER O O O O B-PER E-PER
( 87th ) .	O O O O
Attendance : 1,500 .	O O O O
-DOCSTART-	O
SOCCER - GOTHENBURG PUT FERENCVAROS OUT OF EURO CUP .	O O S-LOC O S-ORG O O B-MISC E-MISC O
BUDAPEST 1996-08-21	S-LOC O
IFK Gothenburg of Sweden drew 1-1 ( 1-0 ) with Ferencvaros of Hungary in the second leg of their European Champions Cup preliminary round tie played on Wednesday .	B-ORG E-ORG O S-LOC O O O O O O S-ORG O S-LOC O O O O O O B-MISC I-MISC E-MISC O O O O O O O
Gothenburg go through 4-1 on aggregate .	S-LOC O O O O O O
Scorers :	O O
Ferencvaros :	S-ORG O
Ferenc Horvath ( 15th )	B-PER E-PER O O O
IFK Gothenburg :	B-ORG E-ORG O
Andreas Andersson ( 87th )	B-PER E-PER O O O
Attendance : 9,000	O O O
-DOCSTART-	O
SOCCER - BRAZILIAN CHAMPIONSHIP RESULTS .	O O S-MISC O O O
RIO DE JANEIRO 1996-08-22	B-LOC I-LOC E-LOC O
Results of midweek	O O O
matches in the Brazilian soccer championship .	O O O S-MISC O O O
Bahia 2 Atletico Paranaense 0	S-ORG O B-ORG E-ORG O
Corinthians 1 Guarani 0	S-ORG O S-ORG O
Coritiba 1 Atletico Mineiro 0	S-ORG O B-ORG E-ORG O
Cruzeiro 2 Vitoria 1	S-ORG O S-ORG O
Flamengo 0 Juventude 1	S-ORG O S-ORG O
Goias 3 Sport Recife 1	S-ORG O B-ORG E-ORG O
Gremio 6 Bragantino 1	S-ORG O S-ORG O
Palmeiras 3 Vasco da Gama 1	S-ORG O B-ORG I-ORG E-ORG O
Portuguesa 2 Parana 0	S-ORG O S-ORG O
-DOCSTART-	O
TENNIS - NEWCOMBE PONDERS HIS DAVIS CUP FUTURE .	O O S-PER O O B-MISC E-MISC O O
SYDNEY 1996-08-22	S-LOC O
Australian Davis Cup captain John Newcombe on Thursday signalled his possible resignation if his team loses an away tie against Croatia next month .	S-MISC B-MISC E-MISC O B-PER E-PER O O O O O O O O O O O O O O S-LOC O O O
The former Wimbledon champion said the immediate future of Australia 's Davis Cup coach Tony Roche could also be determined by events in Split .	O O S-MISC O O O O O O S-LOC O B-MISC E-MISC O B-PER E-PER O O O O O O O S-LOC O
" If we lose this one , Tony and I will have to have a good look at giving someone else a go , " Newcombe was quoted as saying in Sydney 's Daily Telegraph newspaper .	O O O O O O O S-PER O O O O O O O O O O O O O O O O O S-PER O O O O O S-LOC O B-ORG E-ORG O O
Australia face Croatia in the world group qualifying tie on clay from September 20-22 .	S-LOC O S-LOC O O O O O O O O O O O O
Under Newcombe 's leadership , Australia were relegated from the elite world group last year , the first time the 26-time Davis Cup winners had slipped from the top rank .	O S-PER O O O S-LOC O O O O O O O O O O O O O O O B-MISC E-MISC O O O O O O O O
Since taking over as captain from Neale Fraser in 1994 , Newcombe 's record in tandem with Roche , his former doubles partner , has been three wins and three losses .	O O O O O O B-PER E-PER O O O S-PER O O O O O S-PER O O O O O O O O O O O O O O
Newcombe has selected Wimbledon semifinalist Jason Stoltenberg , Patrick Rafter , Mark Philippoussis , and Olympic doubles champions Todd Woodbridge and Mark Woodforde to face the Croatians .	S-PER O O S-MISC O B-PER E-PER O B-PER E-PER O B-PER E-PER O O S-MISC O O B-PER E-PER O B-PER E-PER O O O S-MISC O
The home side boasts world number six Goran Ivanisevic , and Newcombe conceded his players would be hard-pressed to beat the Croatian number one .	O O O O O O O B-PER E-PER O O S-PER O O O O O O O O O S-MISC O O O
" We are ready to fight to our last breath -- Australia must play at its absolute best to win , " said Newcombe , who described the tie as the toughest he has faced as captain .	O O O O O O O O O O O S-LOC O O O O O O O O O O O S-PER O O O O O O O O O O O O O O
Australia last won the Davis Cup in 1986 , but they were beaten finalists against Germany three years ago under Fraser 's guidance .	S-LOC O O O B-MISC E-MISC O O O O O O O O O S-LOC O O O O S-PER O O O
-DOCSTART-	O
BADMINTON - MALAYSIAN OPEN RESULTS .	O O B-MISC E-MISC O O
KUALA LUMPUR 1996-08-22	B-LOC E-LOC O
Results in the Malaysian	O O O S-MISC
Open badminton tournament on Thursday ( prefix number denotes	S-MISC O O O O O O O O
seeding ) :	O O O
Men 's singles , third round	O O O O O O
9/16 - Luo Yigang ( China ) beat Hwang Sun-ho ( South Korea ) 15-3	O O B-PER E-PER O S-LOC O O S-PER S-MISC O B-LOC E-LOC O O
15-7	O
Jason Wong ( Malaysia ) beat Abdul Samad Ismail ( Malaysia ) 16-18	B-PER E-PER O S-LOC O O B-PER I-PER E-PER O S-LOC O O
15-2 17-14	O O
P. Kantharoopan ( Malaysia ) beat 3/4 - Jeroen Van Dijk	B-PER E-PER O S-LOC O O O O B-PER I-PER E-PER
( Netherlands ) 15-11 18-14	O S-LOC O O O
Wijaya Indra ( Indonesia ) beat 5/8 - Pang Chen ( Malaysia ) 15-6	B-PER E-PER O S-LOC O O O O B-PER E-PER O S-LOC O O
6-15 15-7	O O
3/4 - Hu Zhilan ( China ) beat Nunung Subandoro ( Indonesia ) 5-15	O O B-PER E-PER O S-LOC O O B-PER E-PER O S-LOC O O
18-15 15-6	O O
9/16 - Hermawan Susanto ( Indonesia ) beat 1 - Fung Permadi ( Taiwan )	O O B-PER E-PER O S-LOC O O O O B-PER E-PER O S-LOC O
15-8 15-12	O O
Women 's singles 2nd round	O O O O O
1 - Wang Chen ( China ) beat Cindana ( Indonesia ) 11-3 1ama ( Japan ) beat Margit Borg ( Sweden ) 11-6 11-6	O O B-PER E-PER O S-LOC O O S-PER O S-LOC O O S-PER O S-LOC O O B-PER E-PER O S-LOC O O O
Sun Jian ( China ) beat Marina Andrievskaqya ( Sweden ) 11-8 11-2	B-PER E-PER O S-LOC O O B-PER E-PER O S-LOC O O O
5/8 - Meluawati ( Indonesia ) beat Chan Chia Fong ( Malaysia ) 11-6	O O S-PER O S-LOC O O B-PER I-PER E-PER O S-LOC O O
11-1	O
Gong Zhichao ( China ) beat Liu Lufung ( China ) 6-11 11-7 11-3	B-PER E-PER O S-LOC O O B-PER E-PER O S-LOC O O O O
Zeng Yaqiong ( China ) beat Li Feng ( New Zealand ) 11-9 11-6	B-PER E-PER O S-LOC O O B-PER E-PER O B-LOC E-LOC O O O
5/8 - Christine Magnusson ( Sweden ) beat Ishwari Boopathy	O O B-PER E-PER O S-LOC O O B-PER E-PER
( Malaysia ) 11-1 10-12 11-4	O S-LOC O O O O
2 - Zhang Ning ( China ) beat Olivia ( Indonesia ) 11-8 11-6	O O B-PER E-PER O S-LOC O O S-PER O S-LOC O O O
-DOCSTART-	O
TENNIS - REVISED MEN 'S DRAW FOR U.S. OPEN .	O O O O O O O B-MISC E-MISC O
NEW YORK 1996-08-22	B-LOC E-LOC O
Revised singles draw for the	O O O O O
U.S. Open tennis championships beginning Monday at the U.S .	B-MISC E-MISC O O O O O O S-LOC O
National Tennis Centre ( prefix denotes seeding ) :	B-LOC I-LOC E-LOC O O O O O O
Men 's Draw	O O O
1 - Pete Sampras ( U.S. ) vs. Adrian Voinea ( Romania )	O O B-PER E-PER O S-LOC O O B-PER E-PER O S-LOC O
Jiri Novak ( Czech Republic ) vs. qualifier	B-PER E-PER O B-LOC E-LOC O O O
Magnus Larsson ( Sweden ) vs. Alexander Volkov ( Russia )	B-PER E-PER O S-LOC O O B-PER E-PER O S-LOC O
Mikael Tillstrom ( Sweden ) vs qualifier	B-PER E-PER O S-LOC O O O
Qualifier vs. Andrei Olhovskiy ( Russia )	O O B-PER E-PER O S-LOC O
Mark Woodforde ( Australia ) vs. Mark Philippoussis ( Australia )	B-PER E-PER O S-LOC O O B-PER E-PER O S-LOC O
Roberto Carretero ( Spain ) vs. Jordi Burillo ( Spain )	B-PER E-PER O S-LOC O O B-PER E-PER O S-LOC O
Francisco Clavet ( Spain ) vs. 16 - Cedric Pioline ( France )	B-PER E-PER O S-LOC O O O O B-PER E-PER O S-LOC O
------------------------	O
9 - Wayne Ferreira ( South Africa ) vs. qualifier	O O B-PER E-PER O B-LOC E-LOC O O O
Karol Kucera ( Slovakia ) vs. Jonas Bjorkman ( Sweden )	B-PER E-PER O S-LOC O O B-PER E-PER O S-LOC O
Qualifier vs. Christian Rudd ( Norway )	O O B-PER E-PER O S-LOC O
Alex Corretja ( Spain ) vs. Byron Black ( Zimbabwe )	B-PER E-PER O S-LOC O O B-PER E-PER O S-LOC O
David Rikl ( Czech Republic ) vs. Hicham Arazi ( Morocco )	B-PER E-PER O B-LOC E-LOC O O B-PER E-PER O S-LOC O
Sjeng Schalken ( Netherlands ) vs. Gilbert Schaller ( Austria )	B-PER E-PER O S-LOC O O B-PER E-PER O S-LOC O
Grant Stafford ( South Africa ) vs. Guy Forget ( France )	B-PER E-PER O B-LOC E-LOC O O B-PER E-PER O S-LOC O
Fernando Meligeni ( Brazil ) vs. 7 - Yevgeny Kafelnikov ( Russia )	B-PER E-PER O S-LOC O O O O B-PER E-PER O S-LOC O
------------------------	O
4 - Goran Ivanisevic ( Croatia ) vs. Andrei Chesnokov ( Russia )	O O B-PER E-PER O S-LOC O O B-PER E-PER O S-LOC O
Scott Draper ( Australia ) vs. Galo Blanco ( Spain )	B-PER E-PER O S-LOC O O B-PER E-PER O S-LOC O
Renzo Furlan ( Italy ) vs. Thomas Johansson ( Sweden )	B-PER E-PER O S-LOC O O B-PER E-PER O S-LOC O
Hendrik Dreekman ( Germany ) vs. Greg Rusedski ( Britain )	B-PER E-PER O S-LOC O O B-PER E-PER O S-LOC O
Andrei Medvedev ( Ukraine ) vs. Jean-Philippe Fleurian ( France )	B-PER E-PER O S-LOC O O B-PER E-PER O S-LOC O
Jan Kroslak ( Slovakia ) vs. Chris Woodruff ( U.S. )	B-PER E-PER O S-LOC O O B-PER E-PER O S-LOC O
Qualifier vs. Petr Korda ( Czech Republic )	O O B-PER E-PER O B-LOC E-LOC O
Bohdan Ulihrach ( Czech Republic ) vs. 14 - Alberto Costa	B-PER E-PER O B-LOC E-LOC O O O O B-PER E-PER
( Spain )	O S-LOC O
------------------------	O
12 - Todd Martin ( U.S. ) vs. Younnes El Aynaoui ( Morocco )	O O B-PER E-PER O S-LOC O O B-PER I-PER E-PER O S-LOC O
Andrea Gaudenzi ( Italy ) vs. Shuzo Matsuoka ( Japan )	B-PER E-PER O S-LOC O O B-PER E-PER O S-LOC O
Doug Flach ( U.S. ) vs. qualifier	B-PER E-PER O S-LOC O O O
Mats Wilander ( Sweden ) vs. Tim Henman ( Britain )	B-PER E-PER O S-LOC O O B-PER E-PER O S-LOC O
Paul Haarhuis ( Netherlands ) vs. Michael Joyce ( U.S. )	B-PER E-PER O S-LOC O O B-PER E-PER O S-LOC O
Michael Tebbutt ( Australia ) vs. Richey Reneberg ( U.S. )	B-PER E-PER O S-LOC O O B-PER E-PER O S-LOC O
Jonathan Stark ( U.S. ) vs. Bernd Karbacher ( Germany )	B-PER E-PER O S-LOC O O B-PER E-PER O S-LOC O
Stefan Edberg ( Sweden ) vs. 5 - Richard Krajicek ( Netherlands )	B-PER E-PER O S-LOC O O O O B-PER E-PER O S-LOC O
------------------------	O
6 - Andre Agassi ( U.S. ) vs. Mauricio Hadad ( Colombia )	O O B-PER E-PER O S-LOC O O B-PER E-PER O S-LOC O
Marcos Ondruska ( South Africa ) vs. Felix Mantilla ( Spain )	B-PER E-PER O B-LOC E-LOC O O B-PER E-PER O S-LOC O
Carlos Moya ( Spain ) vs. Scott Humphries ( U.S. )	B-PER E-PER O S-LOC O O B-PER E-PER O S-LOC O
Jan Siemerink ( Netherlands ) vs. Carl-Uwe Steeb ( Germany )	B-PER E-PER O S-LOC O O B-PER E-PER O S-LOC O
Qualifier vs. qualifier	O O O
David Wheaton ( U.S. ) vs. Kevin Kim ( U.S. )	B-PER E-PER O S-LOC O O B-PER E-PER O S-LOC O
Nicolas Lapentti ( Ecuador ) vs. Alex O'Brien ( U.S. )	B-PER E-PER O S-LOC O O B-PER E-PER O S-LOC O
Karim Alami ( Morocco ) vs. 11 - MaliVai Washington ( U.S. )	B-PER E-PER O S-LOC O O O O B-PER E-PER O S-LOC O
------------------------	O
13 - Thomas Enqvist ( Sweden ) vs. Stephane Simian ( France )	O O B-PER E-PER O S-LOC O O B-PER E-PER O S-LOC O
Guillaume Raoux ( France ) vs. Filip Dewulf ( Belgium )	B-PER E-PER O S-LOC O O B-PER E-PER O S-LOC O
Mark Knowles ( Bahamas ) vs. Marcelo Filippini ( Uruguay )	B-PER E-PER O S-LOC O O B-PER E-PER O S-LOC O
Todd Woodbridge ( Australia ) vs. qualifier	B-PER E-PER O S-LOC O O O
Kris Goossens ( Belgium ) vs. Sergi Bruguera ( Spain )	B-PER E-PER O S-LOC O O B-PER E-PER O S-LOC O
Qualifier vs. Michael Stich ( Germany )	O O B-PER E-PER O S-LOC O
Qualifier vs. Chuck Adams ( U.S. )	O O B-PER E-PER O S-LOC O
Javier Frana ( Argentina ) vs. 3 - Thomas Muster ( Austria )	B-PER E-PER O S-LOC O O O O B-PER E-PER O S-LOC O
------------------------	O
8 - Jim Courier ( U.S. ) vs. Javier Sanchez ( Spain )	O O B-PER E-PER O S-LOC O O B-PER E-PER O S-LOC O
Jim Grabb ( U.S. ) vs. Sandon Stolle ( Australia )	B-PER E-PER O S-LOC O O B-PER E-PER O S-LOC O
Patrick Rafter ( Australia ) vs. Kenneth Carlsen ( Denmark )	B-PER E-PER O S-LOC O O B-PER E-PER O S-LOC O
Jason Stoltenberg ( Australia ) vs. Stefano Pescosolido ( Italy )	B-PER E-PER O S-LOC O O B-PER E-PER O S-LOC O
Arnaud Boetsch ( France ) vs. Nicolas Pereira ( Venezuela )	B-PER E-PER O S-LOC O O B-PER E-PER O S-LOC O
Carlos Costa ( Spain ) vs. Magnus Gustafsson ( Sweden )	B-PER E-PER O S-LOC O O B-PER E-PER O S-LOC O
Jeff Tarango ( U.S. ) vs. Alex Radulescu ( Germany )	B-PER E-PER O S-LOC O O B-PER E-PER O S-LOC O
Qualifier vs. 10 - Marcelo Rios ( Chile )	O O O O B-PER E-PER O S-LOC O
------------------------	O
15 - Marc Rosset ( Switzerland vs. Jared Palmer ( U.S. )	O O B-PER E-PER O S-LOC O B-PER E-PER O S-LOC O
Martin Damm ( Czech Republic ) vs. Hernan Gumy ( Argentina )	B-PER E-PER O B-LOC E-LOC O O B-PER E-PER O S-LOC O
Nicklas Kulti ( Sweden ) vs. Jakob Hlasek ( Switzerland )	B-PER E-PER O S-LOC O O B-PER E-PER O S-LOC O
Cecil Mamiit ( U.S. ) vs. Alberto Berasategui ( Spain )	B-PER E-PER O S-LOC O O B-PER E-PER O S-LOC O
Vince Spadea ( U.S. ) vs. Daniel Vacek ( Czech Republic )	B-PER E-PER O S-LOC O O B-PER E-PER O B-LOC E-LOC O
David Prinosil ( Germany ) vs. qualifier	B-PER E-PER O S-LOC O O O
Qualifier vs. Tomas Carbonell ( Spain )	O O B-PER E-PER O S-LOC O
Qualifier vs. 2 - Michael Chang ( U.S. )	O O O O B-PER E-PER O S-LOC O
-DOCSTART-	O
BASEBALL - ORIOLES ' MANAGER DAVEY JOHNSON HOSPITALIZED .	O O S-ORG O O B-PER E-PER O O
BALTIMORE 1996-08-22	S-LOC O
Baltimore Orioles manager Davey Johnson will miss Thursday night 's game against the Seattle Mariners after being admitted to a hospital with an irregular heartbeat .	B-ORG E-ORG O B-PER E-PER O O O O O O O O B-ORG E-ORG O O O O O O O O O O O
The 53-year-old Johnson was hospitalized after experiencing dizziness .	O O S-PER O O O O O O
" He is in no danger and will be treated and observed this evening , " said Orioles team physician Dr. William Goldiner , adding that Johnson is expected to be released on Friday .	O O O O O O O O O O O O O O O O O S-ORG O O O B-PER E-PER O O O S-PER O O O O O O O O
Orioles ' bench coach Andy Etchebarren will manage the club in Johnson 's absence .	S-ORG O O O B-PER E-PER O O O O O S-PER O O O
Johnson is the second manager to be hospitalized this week after California Angels skipper John McNamara was admitted to New York 's Columbia Presbyterian Hospital on Wednesday with a blood clot in his left calf .	S-PER O O O O O O O O O O B-ORG E-ORG O B-PER E-PER O O O B-LOC E-LOC O B-LOC I-LOC E-LOC O O O O O O O O O O O
Johnson , who played eight seasons in Baltimore , was named Orioles manager in the off-season replacing Phil Regan .	S-PER O O O O O O S-LOC O O O S-ORG O O O O O B-PER E-PER O
He led the Cincinnati Reds to the National League Championship Series last year and guided the New York Mets to a World Series championship in 1986 .	O O O B-ORG E-ORG O O B-MISC I-MISC I-MISC E-MISC O O O O O B-ORG I-ORG E-ORG O O B-MISC E-MISC O O O O
Baltimore has won 16 of its last 22 games to pull within five games of the slumping New York Yankees in the American League East Division .	S-ORG O O O O O O O O O O O O O O O O B-ORG I-ORG E-ORG O O B-MISC I-MISC I-MISC E-MISC O
-DOCSTART-	O
BASEBALL - MAJOR LEAGUE STANDINGS AFTER WEDNESDAY 'S GAMES .	O O B-MISC E-MISC O O O O O O
NEW YORK 1996-08-22	B-LOC E-LOC O
Major League Baseball	B-MISC I-MISC E-MISC
standings after games played on Wednesday ( tabulate under won ,	O O O O O O O O O O O
lost , winning percentage and games behind ) :	O O O O O O O O O
AMERICAN LEAGUE	B-MISC E-MISC
EASTERN DIVISION	B-MISC E-MISC
W L PCT GB	O O O O
NEW YORK 72 53 .576 -	B-ORG E-ORG O O O O
BALTIMORE 67 58 .536 5	S-ORG O O O O
BOSTON 63 64 .496 10	S-ORG O O O O
TORONTO 58 69 .457 15	S-ORG O O O O
DETROIT 44 82 .349 28 1/2	S-ORG O O O O O
CENTRAL DIVISION	B-MISC E-MISC
CLEVELAND 76 51 .598 -	S-ORG O O O O
CHICAGO 69 59 .539 7 1/2	S-ORG O O O O O
MINNESOTA 63 63 .500 12 1/2	S-ORG O O O O O
MILWAUKEE 60 68 .469 16 1/2	S-ORG O O O O O
KANSAS CITY 58 70 .453 18 1/2	B-ORG E-ORG O O O O O
WESTERN DIVISION	B-MISC E-MISC
TEXAS 73 54 .575 -	S-ORG O O O O
SEATTLE 64 61 .512 8	S-ORG O O O O
OAKLAND 62 67 .481 12	S-ORG O O O O
CALIFORNIA 58 68 .460 14 1/2	S-ORG O O O O O
THURSDAY , AUGUST 22 SCHEDULE	O O O O O
OAKLAND AT BOSTON	S-ORG O S-LOC
SEATTLE AT BALTIMORE	S-ORG O S-LOC
CALIFORNIA AT NEW YORK	S-ORG O B-LOC E-LOC
TORONTO AT CHICAGO	S-ORG O S-LOC
DETROIT AT KANSAS CITY	S-ORG O B-LOC E-LOC
TEXAS AT MINNESOTA	S-ORG O S-LOC
NATIONAL LEAGUE	B-MISC E-MISC
EASTERN DIVISION	B-MISC E-MISC
W L PCT GB	O O O O
ATLANTA 79 46 .632 -	S-ORG O O O O
MONTREAL 67 58 .536 12	S-ORG O O O O
NEW YORK 59 69 .461 21 1/2	B-ORG E-ORG O O O O O
FLORIDA 58 69 .457 22	S-ORG O O O O
PHILADELPHIA 52 75 .409 28	S-ORG O O O O
CENTRAL DIVISION	B-MISC E-MISC
HOUSTON 68 59 .535 -	S-ORG O O O O
ST LOUIS 67 59 .532 1/2	B-ORG E-ORG O O O O
CHICAGO 63 62 .504 4	S-ORG O O O O
CINCINNATI 62 62 .500 4 1/2	S-ORG O O O O O
PITTSBURGH 53 73 .421 14 1/2	S-ORG O O O O O
WESTERN DIVISION	B-MISC E-MISC
SAN DIEGO 70 59 .543 -	B-ORG E-ORG O O O O
LOS ANGELES 66 60 .524 2 1/2	B-ORG E-ORG O O O O O
COLORADO 65 62 .512 4	S-ORG O O O O
SAN FRANCISCO 54 70 .435 13 1/2	B-ORG E-ORG O O O O O
THURSDAY , AUGUST 22 SCHEDULE	O O O O O
ST LOUIS AT COLORADO	B-ORG E-ORG O S-LOC
CINCINNATI AT ATLANTA	S-ORG O S-LOC
PITTSBURGH AT HOUSTON	S-ORG O S-LOC
PHILADELPHIA AT LOS ANGELES	S-ORG O B-LOC E-LOC
MONTREAL AT SAN FRANCISCO	S-ORG O B-LOC E-LOC
-DOCSTART-	O
BASEBALL - MAJOR LEAGUE RESULTS WEDNESDAY .	O O B-MISC E-MISC O O O
NEW YORK 1996-08-22	B-LOC E-LOC O
Results of Major League	O O B-MISC E-MISC
Baseball games played on Wednesday ( home team in CAPS ) :	O O O O O O O O O O O O
American League	B-MISC E-MISC
California 7 NEW YORK 1	S-ORG O B-ORG E-ORG O
DETROIT 7 Chicago 4	S-ORG O S-ORG O
Milwaukee 10 MINNESOTA 7	S-ORG O S-ORG O
BOSTON 6 Oakland 4	S-ORG O S-ORG O
BALTIMORE 10 Seattle 5	S-ORG O S-ORG O
Texas 10 CLEVELAND 8 ( in 10 )	S-ORG O S-ORG O O O O O
Toronto 6 KANSAS CITY 2	S-ORG O B-ORG E-ORG O
National League	B-MISC E-MISC
CHICAGO 8 Florida 3	S-ORG O S-ORG O
SAN FRANCISCO 12 New York 11	B-ORG E-ORG O B-ORG E-ORG O
ATLANTA 4 Cincinnati 3	S-ORG O S-ORG O
Pittsburgh 5 HOUSTON 2	S-ORG O S-ORG O
COLORADO 10 St Louis 2	S-ORG O B-ORG E-ORG O
Philadelphia 6 LOS ANGELES 0	S-ORG O B-ORG E-ORG O
SAN DIEGO 7 Montreal 2	B-ORG E-ORG O S-ORG O
-DOCSTART-	O
BASEBALL - GREER HOMER IN 10TH LIFTS TEXAS PAST INDIANS .	O O S-PER O O O O S-ORG O S-ORG O
CLEVELAND 1996-08-22	S-LOC O
Rusty Greer 's two-run homer in the top of the 10th inning rallied the Texas Rangers to a 10-8 victory over the Cleveland Indians Wednesday in the rubber game of a three-game series between division leaders .	B-PER E-PER O O O O O O O O O O O O B-ORG E-ORG O O O O O O B-ORG E-ORG O O O O O O O O O O O O O
With one out , Greer hit a 1-1 pitch from Julian Tavarez ( 4-7 ) over the right-field fence for his 15th home run .	O O O O S-PER O O O O O B-PER E-PER O O O O O O O O O O O O O
" It was an off-speed pitch and I just tried to get a good swing on it and put it in play , " Greer said . "	O O O O O O O O O O O O O O O O O O O O O O O O S-PER O O O
This was a big game .	O O O O O O
The crowd was behind him and it was intense . "	O O O O O O O O O O O
The shot brought home Ivan Rodriguez , who had his second double of the game , giving him 42 this season , 41 as a catcher .	O O O O B-PER E-PER O O O O O O O O O O O O O O O O O O O O O
He joined Mickey Cochrane , Johnny Bench and Terry Kennedy as the only catchers with 40 doubles in a season .	O O B-PER E-PER O B-PER E-PER O B-PER E-PER O O O O O O O O O O O
The Rangers have won 10 of their last 12 games and six of nine meetings against the Indians this season .	O S-ORG O O O O O O O O O O O O O O O S-ORG O O O
The American League Western leaders have won eight of 15 games at Jacobs Field , joining the Yankees as the only teams with a winning record at the A.L. Central leaders ' home .	O B-MISC I-MISC E-MISC O O O O O O O O B-LOC E-LOC O O O S-ORG O O O O O O O O O O B-MISC E-MISC O O O O
Cleveland lost for just the second time in six games .	S-ORG O O O O O O O O O O
The Indians sent the game into extra innings in the ninth on Kenny Lofton 's two-run single .	O S-ORG O O O O O O O O O O B-PER E-PER O O O O
Ed Vosberg ( 1-0 ) blew his first save opportunity but got the win , allowing three hits with two walks and three strikeouts in 1 2/3 scoreless innings .	B-PER E-PER O O O O O O O O O O O O O O O O O O O O O O O O O O O O
Dean Palmer hit his 30th homer for the Rangers .	B-PER E-PER O O O O O O S-ORG O
In Baltimore , Cal Ripken had four hits and snapped a fifth-inning tie with a solo homer and Bobby Bonilla added a three-run shot in the seventh to power the surging Orioles to a 10-5 victory over the Seattle Mariners .	O S-LOC O B-PER E-PER O O O O O O O O O O O O O B-PER E-PER O O O O O O O O O O O S-ORG O O O O O O B-ORG E-ORG O
The Mariners scored four runs in the top of the fifth to tie the game 5-5 but Ripken led off the bottom of the inning with his 21st homer off starter Sterling Hitchcock ( 12-6 ) .	O S-ORG O O O O O O O O O O O O O O O S-PER O O O O O O O O O O O O O B-PER E-PER O O O O
Bonilla 's blast was the first time Randy Johnson , last season 's Cy Young winner , allowed a run in five relief appearances since coming off the disabled list on August 6 .	S-PER O O O O O O B-PER E-PER O O O O B-PER E-PER O O O O O O O O O O O O O O O O O O O
Bonilla has 21 RBI and 15 runs in his last 20 games .	S-PER O O S-MISC O O O O O O O O O
Baltimore has won seven of nine and 16 of its last 22 and cut the Yankees ' lead in the A.L. East to five games .	S-LOC O O O O O O O O O O O O O O S-ORG O O O O B-MISC E-MISC O O O O
Scott Erickson ( 8-10 ) laboured to his third straight win .	B-PER E-PER O O O O O O O O O O
Alex Rodriguez had two homers and four RBI for the Mariners , who have dropped three in a row and 11 of 15 .	B-PER E-PER O O O O O S-MISC O O S-ORG O O O O O O O O O O O O O
He became the fifth shortstop in major-league history to hit 30 homers in a season and the first since Ripken hit 34 in 1991 .	O O O O O O O O O O O O O O O O O O O S-PER O O O O O
Chris Hoiles hit his 22nd homer for Baltimore .	B-PER E-PER O O O O O S-LOC O
In New York , Jason Dickson scattered 10 hits over 6 1/3 innings in his major-league debut and Chili Davis belted a homer from each side of the plate as the California Angels defeated the Yankees 7-1 .	O B-LOC E-LOC O B-PER E-PER O O O O O O O O O O O O B-PER E-PER O O O O O O O O O O O B-ORG E-ORG O O S-ORG O O
Dickson allowed a homer to Derek Jeter on his first major-league pitch but settled down .	S-PER O O O O B-PER E-PER O O O O O O O O O
He was the 27th pitcher used by the Angels this season , tying a major-league record .	O O O O O O O O S-ORG O O O O O O O O
Jimmy Key ( 9-10 ) took the loss as the Yankees lost their ninth in 14 games .	B-PER E-PER O O O O O O O O S-ORG O O O O O O O
They stranded 11 baserunners .	O O O O O
California played without interim manager John McNamara , who was admitted to a New York hospital with a blood clot in his right calf .	S-LOC O O O O B-PER E-PER O O O O O O B-LOC E-LOC O O O O O O O O O O
In Boston , Mike Stanley 's bases-loaded two-run single snapped an eighth-inning tie and gave the Red Sox their third straight win , 6-4 over the Oakland Athletics .	O S-LOC O B-PER E-PER O O O O O O O O O O O B-ORG E-ORG O O O O O O O O B-ORG E-ORG O
Stanley owns a .367 career batting average with the bases loaded ( 33-for-90 ) .	S-PER O O O O O O O O O O O O O O
Boston 's Mo Vaughn went 3-for-3 with a walk , stole home for one of his three runs scored and collected his 116th RBI .	S-LOC O B-PER E-PER O O O O O O O O O O O O O O O O O O O S-MISC O
Scott Brosius homered and drove in two runs for the Athletics , who have lost seven of their last nine games .	B-PER E-PER O O O O O O O O S-ORG O O O O O O O O O O O
In Detroit , Brad Ausmus 's three-run homer capped a four-run eighth and lifted the Tigers to a 7-4 victory over the reeling Chicago White Sox .	O S-LOC O B-PER E-PER O O O O O O O O O O S-ORG O O O O O O O B-ORG I-ORG E-ORG O
The Tigers have won consecutive games after dropping eight in a row , but have won nine of their last 12 at home .	O S-ORG O O O O O O O O O O O O O O O O O O O O O O
The White Sox have lost six of their last eight games .	O B-ORG E-ORG O O O O O O O O O
In Kansas City , Juan Guzman tossed a complete-game six-hitter to win for the first time in over a month and lower his league-best ERA as the Toronto Blue Jays won their fourth straight , 6-2 over the Royals .	O B-LOC E-LOC O B-PER E-PER O O O O O O O O O O O O O O O O O O S-MISC O O B-ORG I-ORG E-ORG O O O O O O O O S-ORG O
Guzman ( 10-8 ) won for the first time since July 16 , a span of six starts .	S-PER O O O O O O O O O O O O O O O O O O
He allowed two runs -- one earned -- and lowered his ERA to 2.99 .	O O O O O O O O O O O S-MISC O O O
At Minnesota , John Jaha 's three-run homer , his 26th , capped a five-run eighth inning that rallied the Milwaukee Brewers to a 10-7 victory over the Twins .	O S-LOC O B-PER E-PER O O O O O O O O O O O O O O O B-ORG E-ORG O O O O O O S-ORG O
Jaha added an RBI single in the ninth and had four RBI .	S-PER O O S-MISC O O O O O O O S-MISC O
Jose Valentin hit his 21st homer for Milwaukee .	B-PER E-PER O O O O O S-ORG O
-DOCSTART-	O
SOCCER - COCU DOUBLE EARNS PSV 4-1 WIN .	O O S-PER O O S-ORG O O O
AMSTERDAM 1996-08-22	S-LOC O
Philip Cocu scored twice in the second half to spur PSV Eindhoven to a 4-1 away win over NEC Nijmegen in the Dutch first division on Thursday .	B-PER E-PER O O O O O O O O B-ORG E-ORG O O O O O O B-ORG E-ORG O O S-MISC O O O O O
He scored from close range in the 54th minute and from a bicycle kick 13 minutes later .	O O O O O O O O O O O O O O O O O O
Arthur Numan and Luc Nilis , Dutch top scorer last season , were PSV 's other marksmen .	B-PER E-PER O B-PER E-PER O S-MISC O O O O O O S-ORG O O O O
Ajax Amsterdam opened their title defence with a 1-0 win over NAC Breda on Wednesday .	B-ORG E-ORG O O O O O O O O O B-ORG E-ORG O O O
-DOCSTART-	O
SOCCER - DUTCH FIRST DIVISION SUMMARY .	O O S-MISC O O O O
AMSTERDAM 1996-08-22	S-LOC O
Summary of Thursday 's only	O O O O O
Dutch first division match :	S-MISC O O O O
NEC Nijmegen 1 ( Van Eykeren 15th ) PSV Eindhoven 4 ( Numan 11th ,	B-ORG E-ORG O O O O O O B-ORG E-ORG O O O O O
Nilis 42nd , Cocu 54th , 67th ) .	S-PER O O S-PER O O O O O
Halftime 1-2 .	O O O
Attendance 8,000	O O
-DOCSTART-	O
SOCCER - DUTCH FIRST DIVISION RESULT .	O O S-MISC O O O O
AMSTERDAM 1996-08-22	S-LOC O
Result of a Dutch first	O O O S-MISC O
division match on Thursday :	O O O O O
NEC Nijmegen 1 PSV Eindhoven 4	B-ORG E-ORG O B-ORG E-ORG O
-DOCSTART-	O
SOCCER - SHARPSHOOTER KNUP BACK IN SWISS SQUAD .	O O O S-PER O O S-MISC O O
GENEVA 1996-08-22	S-LOC O
Galatasaray striker Adrian Knup , scorer of 26 goals in 45 internationals , has been recalled by Switzerland for the World Cup qualifier against Azerbaijan in Baku on August 31 .	S-ORG O B-PER E-PER O O O O O O O O O O O O O S-LOC O O B-MISC E-MISC O O S-LOC O S-LOC O O O O
Knup was overlooked by Artur Jorge for the European championship finals earlier this year .	S-PER O O O B-PER E-PER O O S-MISC O O O O O O
But new coach Rolf Fringer is clearly a Knup fan and included him in his 19-man squad on Thursday .	O O O B-PER E-PER O O O S-PER O O O O O O O O O O O
Switzerland failed to progress beyond the opening group phase in Euro 96 .	S-LOC O O O O O O O O O B-MISC E-MISC O
Squad :	O O
Goalkeepers - Marco Pascolo ( Cagliari ) , Pascal Zuberbuehler ( Grasshoppers ) .	O O B-PER E-PER O S-ORG O O B-PER E-PER O S-ORG O O
Defenders - Stephane Henchoz ( Hamburg ) , Marc Hottiger ( Everton ) , Yvan Quentin ( Sion ) , Ramon Vega ( Cagliari ) Raphael Wicky ( Sion ) .	O O B-PER E-PER O S-ORG O O B-PER E-PER O S-ORG O O B-PER E-PER O S-ORG O O B-PER E-PER O S-ORG O B-PER E-PER O S-ORG O O
Midfielders - Alexandre Comisetti ( Grasshoppers ) , Antonio Esposito ( Grasshoppers ) , Sebastien Fournier ( Stuttgart ) , Christophe Ohrel ( Lausanne ) , Patrick Sylvestre ( Sion ) , David Sesa ( Servette ) , Ciriaco Sforza ( Inter Milan ) Murat Yakin ( Grasshoppers ) .	O O B-PER E-PER O S-ORG O O B-PER E-PER O S-ORG O O B-PER E-PER O S-LOC O O B-PER E-PER O S-LOC O O B-PER E-PER O S-ORG O O B-PER E-PER O S-ORG O O B-PER E-PER O B-ORG E-ORG O B-PER E-PER O S-ORG O O
Strikers - Kubilay Turkyilmaz ( Grasshoppers ) , Adrian Knup ( Galatasaray ) , Christophe Bonvin ( Sion ) , Stephane Chapuisat ( Borussia Dortmund ) .	O O B-PER E-PER O S-ORG O O B-PER E-PER O S-ORG O O B-PER E-PER O S-ORG O O B-PER E-PER O B-ORG E-ORG O O
-DOCSTART-	O
ATHLETICS - IT 'S A RECORD - 40,000 BEERS ON THE HOUSE .	O O O O O O O O O O O O O
BRUSSELS 1996-08-22	S-LOC O
Spectators at Friday 's Brussels grand prix meeting have an extra incentive to cheer on the athletes to world record performances -- a free glass of beer .	O O O O S-LOC O O O O O O O O O O O O O O O O O O O O O O O
A Belgian brewery has offered to pay for a free round of drinks for all of the 40,000 crowd if a world record goes at the meeting , organisers said on Thursday .	O S-MISC O O O O O O O O O O O O O O O O O O O O O O O O O O O O O O O
It could be one of the most expensive rounds of drinks ever .	O O O O O O O O O O O O O
The meeting is sold out already .	O O O O O O O
Two world records are in serious danger of being broken at the meeting -- the women 's 1,000 metres and the men 's 3,000 metres .	O O O O O O O O O O O O O O O O O O O O O O O O O O
-DOCSTART-	O
GOLF - GERMAN OPEN FIRST ROUND SCORES .	O O B-MISC E-MISC O O O O
STUTTGART , Germany 1996-08-22	S-LOC O S-LOC O
Leading first round	O O O
scores in the German Open golf championship on Thursday ( Britain	O O O B-MISC E-MISC O O O O O S-LOC
unless stated ) :	O O O O
62 Paul Broadhurst	O B-PER E-PER
63 Raymond Russell	O B-PER E-PER
64 David J. Russell , Michael Campbell ( New Zealand ) , Ian	O B-PER I-PER E-PER O B-PER E-PER O B-LOC E-LOC O O S-PER
Woosnam , Bernhard Langer ( Germany ) , Ronan Rafferty , Mats	S-PER O B-PER E-PER O S-LOC O O B-PER E-PER O S-PER
Lanner ( Sweden ) , Wayne Riley ( Australia )	S-PER O S-LOC O O B-PER E-PER O S-LOC O
65 Eamonn Darcy ( Ireland ) , Per Nyman ( Sweden ) , Russell Claydon ,	O B-PER E-PER O S-LOC O O B-PER E-PER O S-LOC O O B-PER E-PER O
Mark Roe , Retief Goosen ( South Africa ) , Carl Suneson	B-PER E-PER O B-PER E-PER O B-LOC E-LOC O O B-PER E-PER
66 Stephen Field , Paul Lawrie , Ian Pyman , Max Anglert	O B-PER E-PER O B-PER E-PER O B-PER E-PER O B-PER E-PER
( Sweden ) , Miles Tunnicliff , Christian Cevaer ( France ) ,	O S-LOC O O B-PER E-PER O B-PER E-PER O S-LOC O O
Des Smyth ( Ireland ) , David Carter , Lee Westwood , Greg	B-PER E-PER O S-LOC O O B-PER E-PER O B-PER E-PER O S-PER
Chalmers ( Australia ) , Miguel Angel Martin ( Spain ) ,	S-PER O S-LOC O O B-PER I-PER E-PER O S-LOC O O
Thomas Bjorn ( Denmark ) , Fernando Roca ( Spain ) , Derrick	B-PER E-PER O S-LOC O O B-PER E-PER O S-LOC O O S-PER
Cooper	S-PER
67 Jeff Hawksworth , Padraig Harrington ( Ireland ) , Michael	O B-PER E-PER O B-PER E-PER O S-LOC O O S-PER
Welch , Thomas Gogele ( Germany ) , Paul McGinley ( Ireland ) ,	S-PER O B-PER E-PER O S-LOC O O B-PER E-PER O S-LOC O O
Gary Orr , Jose-Maria Canizares ( Spain ) , Michael Jonzon	B-PER E-PER O B-PER E-PER O S-LOC O O B-PER E-PER
( Sweden ) , Paul Eales , David Williams , Andrew Coltart ,	O S-LOC O O B-PER E-PER O B-PER E-PER O B-PER E-PER O
Jonathan Lomas , Jose Rivero ( Spain ) , Robert Karlsson	B-PER E-PER O B-PER E-PER O S-LOC O O B-PER E-PER
( Sweden ) , Marcus Wills , Pedro Linhart ( Spain ) , Jamie	O S-LOC O O B-PER E-PER O B-PER E-PER O S-LOC O O S-PER
Spence , Terry Price ( Australia ) , Juan Carlos Pinero ( Spain ) ,	S-PER O B-PER E-PER O S-LOC O O B-PER I-PER E-PER O S-LOC O O
Mark Mouland	B-PER E-PER
-DOCSTART-	O
